Silver-Buy,Silver-Sell,Date
34.5,32.9,10-09-11 21:32:49
33.45,31.95,10-10-11 09:56:52
33.4,31.9,10-10-11 10:03:00
33.4,32.0,10-10-11 10:12:12
33.45,32.0,10-10-11 10:15:15
33.0,32.55,10-10-11 10:18:19
32.95,32.5,10-10-11 10:21:23
32.95,32.55,10-10-11 10:24:27
32.85,32.45,10-10-11 10:27:31
32.8,32.4,10-10-11 10:30:35
32.85,32.4,10-10-11 10:33:39
32.9,32.45,10-10-11 10:37:44
32.8,32.4,10-10-11 10:41:49
32.85,32.45,10-10-11 10:47:56
32.9,32.45,10-10-11 10:55:05
32.85,32.45,10-10-11 10:58:10
32.8,32.4,10-10-11 11:01:13
32.8,32.35,10-10-11 11:04:17
32.85,32.4,10-10-11 11:07:21
32.9,32.45,10-10-11 11:10:25
32.8,32.35,10-10-11 11:13:29
32.9,32.45,10-10-11 11:19:37
32.85,32.4,10-10-11 11:22:40
32.9,32.45,10-10-11 11:25:44
32.9,32.5,10-10-11 11:28:48
32.95,32.55,10-10-11 11:31:52
33.05,32.65,10-10-11 11:39:00
33.1,32.65,10-10-11 11:42:04
33.0,32.6,10-10-11 11:48:12
33.05,32.6,10-10-11 11:51:16
33.1,32.65,10-10-11 11:54:20
33.05,32.65,10-10-11 11:57:24
33.05,32.6,10-10-11 12:00:28
33.1,32.65,10-10-11 12:03:32
33.05,32.6,10-10-11 12:06:36
33.0,32.6,10-10-11 12:09:39
33.0,32.55,10-10-11 12:13:45
33.05,32.6,10-10-11 12:15:47
33.1,32.65,10-10-11 12:19:52
33.0,32.55,10-10-11 12:24:59
32.95,32.5,10-10-11 12:29:04
32.9,32.45,10-10-11 12:32:08
33.4,31.95,10-10-11 12:41:20
33.55,32.15,10-10-11 13:57:58
33.55,32.1,10-10-11 14:04:05
33.05,32.6,10-10-11 14:07:09
33.2,32.75,10-10-11 14:10:13
33.2,32.8,10-10-11 14:14:18
33.25,32.85,10-10-11 14:16:21
33.25,32.8,10-10-11 14:19:25
33.25,32.85,10-10-11 14:22:28
33.25,32.8,10-10-11 14:26:34
33.2,32.8,10-10-11 14:31:40
33.2,32.75,10-10-11 14:38:54
33.15,32.75,10-10-11 14:44:02
33.15,32.7,10-10-11 14:48:07
33.2,32.75,10-10-11 14:55:16
33.15,32.75,10-10-11 14:58:21
33.2,32.75,10-10-11 15:00:24
33.15,32.7,10-10-11 15:03:27
33.1,32.65,10-10-11 15:13:40
33.05,32.6,10-10-11 15:19:48
33.0,32.6,10-10-11 15:22:52
33.1,32.65,10-10-11 15:28:59
33.05,32.6,10-10-11 15:35:10
33.0,32.55,10-10-11 15:38:14
32.95,32.55,10-10-11 15:41:20
32.95,32.5,10-10-11 15:44:23
33.0,32.55,10-10-11 15:47:27
33.05,32.6,10-10-11 16:02:47
33.15,32.7,10-10-11 16:05:50
33.15,32.75,10-10-11 16:15:02
33.1,32.65,10-10-11 16:18:05
33.05,32.65,10-10-11 16:27:17
33.1,32.65,10-10-11 16:30:21
33.0,32.55,10-10-11 16:37:30
32.95,32.5,10-10-11 16:40:34
32.95,32.55,10-10-11 16:43:38
32.9,32.5,10-10-11 16:45:41
32.95,32.5,10-10-11 16:49:46
32.9,32.5,10-10-11 16:52:49
33.3,31.9,10-10-11 20:24:33
33.4,31.95,10-10-11 20:32:43
33.35,31.9,10-10-11 20:35:47
33.3,31.9,10-10-11 20:38:51
33.3,31.85,10-10-11 20:41:54
33.35,31.9,10-10-11 20:44:59
33.2,31.8,10-10-11 20:48:02
33.3,31.85,10-10-11 20:51:06
33.25,31.85,10-10-11 20:54:10
33.3,31.9,10-10-11 21:00:18
33.4,31.95,10-10-11 21:06:26
33.45,31.9,10-10-11 21:09:30
33.45,31.95,10-10-11 21:12:34
33.45,31.9,10-10-11 21:15:38
33.4,31.9,10-10-11 21:18:42
33.35,31.85,10-10-11 21:24:50
33.25,31.7,10-10-11 21:27:54
33.15,31.65,10-10-11 21:30:59
33.15,31.75,10-10-11 21:34:02
33.15,31.7,10-10-11 21:37:06
33.2,31.75,10-10-11 21:40:11
33.2,31.7,10-10-11 21:43:15
33.15,31.75,10-10-11 21:46:18
33.2,31.75,10-10-11 21:49:22
33.25,31.75,10-10-11 21:55:31
33.25,31.8,10-10-11 21:58:35
33.2,31.8,10-10-11 22:01:39
33.15,31.75,10-10-11 22:04:43
33.2,31.75,10-10-11 22:07:52
33.15,31.75,10-10-11 22:10:58
33.2,31.8,10-10-11 22:23:15
33.25,31.85,10-10-11 22:26:18
33.25,31.8,10-10-11 22:35:30
33.15,31.75,10-10-11 22:38:34
33.2,31.75,10-10-11 22:41:39
33.2,31.8,10-10-11 22:44:42
33.2,31.75,10-10-11 22:48:47
33.2,31.8,10-10-11 22:50:50
33.15,31.75,10-10-11 22:53:54
33.1,31.7,10-10-11 22:56:58
33.15,31.75,10-10-11 23:01:03
33.1,31.7,10-10-11 23:10:18
33.15,31.75,10-10-11 23:13:21
33.1,31.7,10-10-11 23:16:25
33.1,31.6,10-10-11 23:25:38
33.1,31.7,10-10-11 23:28:41
33.15,31.75,10-10-11 23:37:57
33.2,31.75,10-10-11 23:41:03
33.15,31.75,10-10-11 23:44:08
33.25,31.85,10-10-11 23:47:12
33.25,31.8,10-10-11 23:50:16
33.25,31.85,10-10-11 23:52:18
33.3,31.9,10-10-11 23:56:24
33.3,31.85,10-11-11 00:08:43
33.25,31.85,10-11-11 00:11:47
33.25,31.8,10-11-11 00:14:50
33.3,31.85,10-11-11 00:17:55
33.25,31.85,10-11-11 00:24:03
33.25,31.8,10-11-11 00:27:06
33.25,31.85,10-11-11 00:33:14
33.25,31.8,10-11-11 00:36:18
33.3,31.85,10-11-11 00:39:22
33.3,31.8,10-11-11 00:45:29
33.25,31.8,10-11-11 00:48:33
33.3,31.85,10-11-11 00:51:37
33.35,31.85,10-11-11 00:54:42
33.3,31.85,10-11-11 00:57:46
33.3,31.8,10-11-11 01:03:55
33.3,31.85,10-11-11 01:06:59
33.25,31.85,10-11-11 01:10:03
33.25,31.8,10-11-11 01:16:10
33.3,31.75,10-11-11 01:19:14
33.35,31.8,10-11-11 01:49:53
33.3,31.85,10-11-11 02:02:09
33.6,32.0,10-11-11 02:06:14
33.5,32.0,10-11-11 02:09:18
33.45,31.95,10-11-11 02:18:30
33.4,31.95,10-11-11 02:21:34
33.4,31.9,10-11-11 02:24:38
33.3,31.9,10-11-11 02:26:40
33.35,31.9,10-11-11 02:30:45
33.4,31.85,10-11-11 02:33:49
33.4,31.9,10-11-11 02:36:53
33.35,31.9,10-11-11 02:39:57
33.35,31.85,10-11-11 02:43:01
33.35,31.9,10-11-11 02:49:09
33.35,31.85,10-11-11 02:52:13
33.35,31.9,10-11-11 03:01:24
33.35,31.85,10-11-11 03:10:36
33.3,31.85,10-11-11 03:13:39
33.35,31.85,10-11-11 03:16:43
33.3,31.85,10-11-11 03:19:47
33.35,31.85,10-11-11 03:22:52
33.35,31.8,10-11-11 03:25:56
33.35,31.9,10-11-11 03:29:00
33.4,31.9,10-11-11 03:35:08
33.35,31.85,10-11-11 03:38:12
33.35,31.9,10-11-11 03:41:15
33.35,31.95,10-11-11 03:44:19
33.35,31.9,10-11-11 03:47:23
33.4,31.9,10-11-11 03:53:30
33.35,31.9,10-11-11 03:56:34
33.4,31.9,10-11-11 03:59:38
33.35,31.9,10-11-11 04:02:41
33.3,31.8,10-11-11 04:05:45
33.3,31.85,10-11-11 04:11:52
33.3,31.8,10-11-11 04:14:56
33.3,31.85,10-11-11 04:18:00
33.3,31.9,10-11-11 04:25:09
33.35,31.85,10-11-11 04:27:12
33.3,31.8,10-11-11 04:30:16
33.35,31.9,10-11-11 04:49:40
33.35,31.85,10-11-11 04:52:44
33.4,31.9,10-11-11 04:58:52
33.35,31.9,10-11-11 05:04:59
33.4,31.9,10-11-11 05:20:18
33.45,31.95,10-11-11 05:23:21
33.45,32.0,10-11-11 05:26:25
33.45,31.95,10-11-11 05:29:29
33.45,32.0,10-11-11 05:32:33
33.6,32.05,10-11-11 05:35:37
33.55,32.05,10-11-11 05:38:41
33.55,32.0,10-11-11 05:47:52
33.55,32.05,10-11-11 05:50:56
33.6,32.05,10-11-11 05:54:00
33.65,32.1,10-11-11 05:57:04
33.6,32.1,10-11-11 06:06:15
33.5,32.05,10-11-11 06:15:27
33.6,32.1,10-11-11 06:18:31
33.55,32.05,10-11-11 06:30:46
33.45,32.0,10-11-11 06:36:53
33.45,31.95,10-11-11 06:39:57
33.35,31.85,10-11-11 06:43:01
33.35,31.9,10-11-11 06:47:06
33.45,32.0,10-11-11 06:50:10
33.35,31.9,10-11-11 06:52:12
33.4,31.9,10-11-11 06:59:21
33.3,31.85,10-11-11 07:04:28
33.4,31.9,10-11-11 07:07:32
33.4,32.0,10-11-11 07:17:45
33.4,31.9,10-11-11 07:20:49
33.5,31.9,10-11-11 07:26:57
33.45,31.9,10-11-11 07:30:01
33.5,31.95,10-11-11 07:33:05
33.55,32.0,10-11-11 07:36:09
33.5,32.0,10-11-11 07:39:12
33.5,32.05,10-11-11 07:42:16
33.55,32.1,10-11-11 07:45:20
33.55,32.05,10-11-11 07:48:24
33.55,32.0,10-11-11 07:51:27
33.5,32.0,10-11-11 07:57:35
33.45,31.9,10-11-11 09:03:55
33.4,31.95,10-11-11 09:19:14
33.4,31.9,10-11-11 09:25:22
33.4,31.9,10-11-11 09:30:41
32.95,32.4,10-11-11 09:32:44
33.0,32.5,10-11-11 09:35:48
33.05,32.5,10-11-11 09:38:51
33.0,32.45,10-11-11 09:41:55
32.9,32.45,10-11-11 09:54:11
32.95,32.45,10-11-11 09:57:14
32.85,32.4,10-11-11 10:00:18
32.95,32.45,10-11-11 10:03:22
32.95,32.5,10-11-11 10:06:27
32.85,32.4,10-11-11 10:09:30
32.8,32.35,10-11-11 10:13:36
32.65,32.25,10-11-11 10:16:39
32.7,32.25,10-11-11 10:20:44
32.65,32.2,10-11-11 10:30:57
32.55,32.15,10-11-11 10:35:02
32.6,32.15,10-11-11 10:44:13
32.55,32.15,10-11-11 10:51:22
32.6,32.15,10-11-11 10:53:25
32.6,32.2,10-11-11 10:56:28
32.65,32.25,10-11-11 10:59:32
32.55,32.15,10-11-11 11:03:37
32.5,32.1,10-11-11 11:12:49
32.55,32.15,10-11-11 11:15:53
32.6,32.2,10-11-11 11:19:58
32.65,32.2,10-11-11 11:25:04
32.6,32.15,10-11-11 11:28:08
32.55,32.15,10-11-11 11:32:13
32.6,32.15,10-11-11 11:40:24
32.55,32.15,10-11-11 11:44:29
32.6,32.15,10-11-11 11:48:34
32.5,32.1,10-11-11 11:54:42
32.55,32.15,10-11-11 12:00:51
33.05,31.65,10-11-11 12:20:16
33.0,31.6,10-11-11 12:23:20
32.9,31.55,10-11-11 12:26:25
32.9,31.5,10-11-11 12:29:28
32.4,32.0,10-11-11 12:32:32
32.45,32.0,10-11-11 12:38:40
32.35,31.95,10-11-11 12:41:44
32.35,31.9,10-11-11 12:44:48
32.4,31.95,10-11-11 12:50:55
32.45,32.0,10-11-11 12:53:59
32.3,31.85,10-11-11 12:57:03
32.35,31.95,10-11-11 13:00:06
32.4,32.0,10-11-11 13:04:11
32.4,31.95,10-11-11 13:07:15
32.35,31.95,10-11-11 13:10:19
32.35,31.9,10-11-11 13:14:24
32.35,31.95,10-11-11 13:18:28
32.4,31.95,10-11-11 13:26:38
32.35,31.95,10-11-11 13:30:43
32.35,31.9,10-11-11 13:33:47
32.35,31.95,10-11-11 13:35:50
32.4,32.0,10-11-11 13:38:54
32.45,32.0,10-11-11 13:42:59
32.5,32.05,10-11-11 13:49:07
32.45,32.05,10-11-11 13:52:10
32.5,32.05,10-11-11 13:54:13
32.45,32.05,10-11-11 13:58:18
32.45,32.0,10-11-11 14:01:22
32.45,32.05,10-11-11 14:04:26
32.45,32.0,10-11-11 14:07:29
32.45,32.05,10-11-11 14:10:33
32.45,32.0,10-11-11 14:13:37
32.45,32.05,10-11-11 14:16:41
32.55,32.1,10-11-11 14:19:45
32.5,32.05,10-11-11 14:22:48
32.95,31.55,10-11-11 14:28:56
32.9,31.5,10-11-11 14:35:04
32.95,31.55,10-11-11 14:38:07
32.55,32.1,10-11-11 14:41:11
32.55,32.15,10-11-11 14:44:15
32.55,32.1,10-11-11 14:47:19
32.45,32.05,10-11-11 14:50:23
32.5,31.95,10-11-11 14:53:26
32.4,32.0,10-11-11 14:56:30
32.45,32.0,10-11-11 14:59:34
32.4,32.0,10-11-11 15:02:38
32.35,31.95,10-11-11 15:05:42
32.6,31.2,10-11-11 15:13:52
32.7,31.3,10-11-11 15:15:54
32.2,31.75,10-11-11 15:23:04
32.15,31.75,10-11-11 15:29:12
32.2,31.75,10-11-11 15:32:15
32.3,31.85,10-11-11 15:35:19
32.25,31.85,10-11-11 15:40:25
32.75,31.4,10-11-11 15:43:29
32.3,31.9,10-11-11 15:46:32
32.25,31.85,10-11-11 15:52:40
32.3,31.9,10-11-11 15:55:44
32.2,31.8,10-11-11 15:58:48
32.25,31.8,10-11-11 16:07:59
32.2,31.75,10-11-11 16:11:02
32.25,31.8,10-11-11 16:14:06
32.2,31.75,10-11-11 16:17:10
32.15,31.75,10-11-11 16:23:21
32.2,31.8,10-11-11 16:42:46
32.25,31.8,10-11-11 16:44:48
32.35,31.9,10-11-11 16:47:53
32.3,31.9,10-11-11 16:51:58
32.8,31.4,10-11-11 16:58:06
32.2,31.8,10-11-11 17:01:09
32.3,31.85,10-11-11 17:04:13
32.25,31.85,10-11-11 17:07:17
32.4,31.95,10-11-11 17:10:21
32.45,32.0,10-11-11 17:14:27
32.4,32.0,10-11-11 17:17:31
32.4,31.95,10-11-11 17:23:39
32.45,32.05,10-11-11 17:26:43
32.4,31.95,10-11-11 17:29:47
32.5,32.1,10-11-11 17:33:52
32.55,32.1,10-11-11 17:38:59
32.6,32.15,10-11-11 17:43:04
32.5,32.1,10-11-11 17:50:12
32.5,32.05,10-11-11 17:53:16
33.15,31.75,10-11-11 17:59:24
33.1,31.75,10-11-11 18:02:28
33.0,31.6,10-11-11 18:05:31
32.95,31.55,10-11-11 18:08:35
33.0,31.6,10-11-11 18:14:43
33.05,31.65,10-11-11 18:17:47
33.25,31.85,10-11-11 18:20:51
33.2,31.85,10-11-11 18:30:02
33.25,31.85,10-11-11 18:33:06
33.3,31.9,10-11-11 18:37:11
33.25,31.85,10-11-11 18:42:17
33.2,31.8,10-11-11 18:52:30
33.15,31.8,10-11-11 18:55:34
33.1,31.7,10-11-11 18:58:38
33.05,31.65,10-11-11 19:04:46
33.1,31.7,10-11-11 19:07:50
33.1,31.65,10-11-11 19:10:54
33.05,31.65,10-11-11 19:20:05
33.1,31.7,10-11-11 19:26:14
33.05,31.65,10-11-11 19:29:17
33.2,31.8,10-11-11 19:35:25
33.15,31.75,10-11-11 19:41:34
33.1,31.75,10-11-11 19:44:38
33.2,31.8,10-11-11 19:50:45
33.3,31.85,10-11-11 19:53:49
33.3,31.9,10-11-11 19:59:56
33.25,31.85,10-11-11 20:03:00
33.25,31.9,10-11-11 20:09:08
33.35,31.9,10-11-11 20:12:12
33.3,31.9,10-11-11 20:27:37
33.25,31.85,10-11-11 20:33:45
33.15,31.75,10-11-11 20:46:01
33.2,31.75,10-11-11 20:50:06
33.1,31.65,10-11-11 20:55:13
33.05,31.65,10-11-11 20:59:18
33.2,31.75,10-11-11 21:05:25
33.25,31.85,10-11-11 21:14:37
33.25,31.8,10-11-11 21:17:41
33.2,31.8,10-11-11 21:26:53
33.2,31.75,10-11-11 21:36:04
33.15,31.7,10-11-11 21:48:20
33.1,31.7,10-11-11 21:57:31
33.2,31.75,10-11-11 22:03:39
33.3,31.8,10-11-11 22:06:43
33.25,31.85,10-11-11 22:12:51
33.25,31.75,10-11-11 22:22:03
33.2,31.75,10-11-11 22:25:07
33.15,31.7,10-11-11 22:28:11
33.15,31.75,10-11-11 22:34:22
33.2,31.7,10-11-11 22:43:37
33.2,31.75,10-11-11 22:47:43
33.25,31.8,10-11-11 22:55:53
33.4,31.95,10-11-11 23:12:15
33.35,31.9,10-11-11 23:17:21
33.45,31.95,10-11-11 23:27:36
33.4,31.95,10-11-11 23:30:41
33.4,31.9,10-11-11 23:36:48
33.45,31.9,10-11-11 23:39:52
33.4,31.9,10-11-11 23:42:56
33.4,31.95,10-11-11 23:52:06
33.4,31.9,10-11-11 23:55:10
33.45,31.95,10-11-11 23:58:14
33.4,31.9,10-12-11 00:07:25
33.45,31.85,10-12-11 00:19:39
33.35,31.9,10-12-11 00:22:43
33.35,31.85,10-12-11 00:34:58
33.3,31.85,10-12-11 00:38:01
33.35,31.85,10-12-11 00:44:09
33.3,31.85,10-12-11 00:47:12
33.25,31.85,10-12-11 00:53:20
33.25,31.8,10-12-11 00:56:23
33.3,31.85,10-12-11 01:11:43
33.4,31.8,10-12-11 01:18:51
33.35,31.85,10-12-11 01:49:29
33.35,31.9,10-12-11 01:58:43
33.4,31.85,10-12-11 02:04:51
33.4,31.9,10-12-11 02:07:55
33.4,31.85,10-12-11 02:10:59
33.4,31.9,10-12-11 02:14:02
33.45,31.95,10-12-11 02:17:06
33.45,31.9,10-12-11 02:20:09
33.4,31.95,10-12-11 02:26:17
33.45,31.95,10-12-11 02:29:21
33.45,31.9,10-12-11 02:32:24
33.4,31.85,10-12-11 02:35:28
33.35,31.9,10-12-11 02:41:36
33.3,31.85,10-12-11 02:44:39
33.3,31.8,10-12-11 02:47:43
33.35,31.8,10-12-11 02:50:47
33.3,31.85,10-12-11 02:56:54
33.3,31.8,10-12-11 02:59:58
33.25,31.85,10-12-11 03:06:05
33.3,31.8,10-12-11 03:12:13
33.3,31.85,10-12-11 03:16:18
33.3,31.8,10-12-11 03:18:21
33.3,31.75,10-12-11 03:21:25
33.3,31.85,10-12-11 03:24:28
33.45,31.95,10-12-11 07:39:10
33.45,31.9,10-12-11 07:41:12
33.4,31.9,10-12-11 07:44:16
33.4,31.95,10-12-11 07:53:27
33.35,31.9,10-12-11 07:59:35
33.35,31.9,10-12-11 08:10:23
33.4,31.9,10-12-11 08:12:25
33.35,31.9,10-12-11 08:18:32
33.35,31.85,10-12-11 08:21:36
33.4,31.9,10-12-11 08:24:40
33.4,31.95,10-12-11 08:27:43
33.35,31.85,10-12-11 08:30:47
33.35,31.85,10-12-11 08:40:31
33.3,31.85,10-12-11 09:05:00
33.3,31.8,10-12-11 09:11:06
33.3,31.85,10-12-11 09:17:14
33.35,31.9,10-12-11 09:20:18
33.3,31.9,10-12-11 09:26:25
33.4,31.9,10-12-11 09:29:29
32.85,32.4,10-12-11 09:32:33
32.9,32.4,10-12-11 09:35:36
32.85,32.4,10-12-11 09:38:40
32.8,32.35,10-12-11 09:41:44
32.8,32.3,10-12-11 09:44:47
32.75,32.3,10-12-11 09:47:51
32.8,32.35,10-12-11 09:50:55
32.8,32.3,10-12-11 09:53:59
32.75,32.3,10-12-11 10:01:08
32.75,32.25,10-12-11 10:03:10
32.75,32.3,10-12-11 10:06:14
32.65,32.25,10-12-11 10:10:19
32.7,32.25,10-12-11 10:22:35
32.65,32.2,10-12-11 10:24:38
32.65,32.25,10-12-11 10:31:47
32.7,32.3,10-12-11 10:36:54
32.8,32.35,10-12-11 10:39:57
32.75,32.35,10-12-11 10:46:08
32.8,32.35,10-12-11 10:49:13
32.8,32.4,10-12-11 10:58:27
32.85,32.4,10-12-11 11:06:39
32.85,32.45,10-12-11 11:07:40
32.85,32.4,10-12-11 11:10:44
32.85,32.45,10-12-11 11:13:48
32.85,32.4,10-12-11 11:16:51
32.8,32.4,10-12-11 11:19:55
32.85,32.45,10-12-11 11:22:59
32.8,32.4,10-12-11 11:29:07
32.85,32.4,10-12-11 11:33:12
32.8,32.4,10-12-11 11:36:15
32.8,32.35,10-12-11 11:38:18
32.8,32.4,10-12-11 11:41:22
32.8,32.35,10-12-11 11:45:27
32.85,32.4,10-12-11 11:53:37
32.95,32.5,10-12-11 12:00:46
32.85,32.45,10-12-11 12:03:50
32.9,32.5,10-12-11 12:06:54
32.9,32.45,10-12-11 12:09:57
32.85,32.45,10-12-11 12:13:01
32.9,32.5,10-12-11 12:19:09
32.85,32.4,10-12-11 12:22:13
32.8,32.4,10-12-11 12:25:17
32.85,32.45,10-12-11 12:28:21
32.9,32.45,10-12-11 12:31:24
32.9,32.5,10-12-11 12:34:28
32.85,32.45,10-12-11 12:37:32
32.8,32.4,10-12-11 12:40:36
32.95,32.5,10-12-11 12:43:40
33.0,32.55,10-12-11 12:47:45
32.95,32.55,10-12-11 12:52:51
33.1,32.7,10-12-11 13:00:00
32.95,32.6,10-12-11 13:02:02
32.9,32.5,10-12-11 13:06:08
32.95,32.55,10-12-11 13:09:12
32.95,32.5,10-12-11 13:12:15
32.9,32.5,10-12-11 13:15:19
33.0,32.6,10-12-11 13:18:23
32.9,32.5,10-12-11 13:21:27
33.0,32.55,10-12-11 13:24:31
33.05,32.65,10-12-11 13:27:34
33.05,32.6,10-12-11 13:30:38
33.0,32.55,10-12-11 13:33:42
33.05,32.6,10-12-11 13:36:46
33.1,32.65,10-12-11 13:39:50
33.15,32.7,10-12-11 13:42:53
33.1,32.65,10-12-11 13:45:57
33.1,32.7,10-12-11 13:52:05
33.1,32.65,10-12-11 13:58:13
33.05,32.6,10-12-11 14:01:17
33.05,32.65,10-12-11 14:04:20
33.0,32.6,10-12-11 14:07:24
33.05,32.65,10-12-11 14:13:32
33.1,32.75,10-12-11 14:16:36
33.15,32.75,10-12-11 14:19:39
33.2,32.8,10-12-11 14:25:48
33.15,32.75,10-12-11 14:28:51
33.1,32.7,10-12-11 14:31:55
33.15,32.7,10-12-11 14:38:03
33.1,32.7,10-12-11 14:48:16
33.15,32.7,10-12-11 14:51:20
33.2,32.75,10-12-11 14:53:22
33.15,32.75,10-12-11 14:57:28
33.2,32.75,10-12-11 15:00:31
33.2,32.8,10-12-11 15:03:35
33.2,32.75,10-12-11 15:09:43
33.1,32.7,10-12-11 15:12:49
33.05,32.65,10-12-11 15:15:54
33.05,32.6,10-12-11 15:18:59
33.55,32.15,10-12-11 15:32:17
33.6,32.15,10-12-11 15:38:25
33.55,32.15,10-12-11 15:41:29
33.05,32.65,10-12-11 15:47:37
33.0,32.6,10-12-11 15:53:44
33.05,32.65,10-12-11 15:56:48
33.05,32.6,10-12-11 15:59:52
33.1,32.65,10-12-11 16:05:59
33.15,32.75,10-12-11 16:21:18
33.2,32.75,10-12-11 16:24:22
33.15,32.7,10-12-11 16:36:40
33.15,32.75,10-12-11 16:39:45
33.2,32.8,10-12-11 16:42:50
33.1,32.7,10-12-11 16:45:54
33.1,32.65,10-12-11 16:58:09
33.05,32.65,10-12-11 17:04:18
32.95,32.55,10-12-11 17:07:22
32.75,32.35,10-12-11 17:13:30
32.85,32.45,10-12-11 17:16:34
32.8,32.4,10-12-11 17:19:38
32.85,32.45,10-12-11 17:31:53
33.3,31.95,10-12-11 17:39:02
33.1,31.75,10-12-11 18:00:29
33.1,31.7,10-12-11 18:03:33
33.2,31.75,10-12-11 18:06:37
33.2,31.8,10-12-11 18:09:40
33.15,31.75,10-12-11 18:15:48
33.3,31.85,10-12-11 18:18:52
33.35,31.95,10-12-11 18:21:56
33.3,31.9,10-12-11 18:28:04
33.3,31.85,10-12-11 18:31:07
33.25,31.85,10-12-11 18:34:11
33.25,31.9,10-12-11 18:40:18
33.4,32.0,10-12-11 18:43:22
33.35,31.95,10-12-11 18:46:26
33.25,31.85,10-12-11 18:52:34
33.2,31.85,10-12-11 18:59:43
33.3,31.9,10-12-11 19:05:51
33.25,31.85,10-12-11 19:08:55
33.3,31.9,10-12-11 19:21:14
33.35,31.95,10-12-11 19:23:16
33.3,31.9,10-12-11 19:39:36
33.3,31.85,10-12-11 19:42:39
33.3,31.9,10-12-11 19:45:43
33.35,31.95,10-12-11 19:51:50
33.4,31.95,10-12-11 19:54:54
33.4,32.0,10-12-11 19:57:58
33.3,31.9,10-12-11 20:04:06
33.3,31.95,10-12-11 20:07:27
33.25,31.75,10-12-11 20:10:30
33.25,31.8,10-12-11 20:19:41
33.2,31.8,10-12-11 20:25:48
33.25,31.85,10-12-11 20:35:00
33.15,31.75,10-12-11 20:38:03
33.25,31.85,10-12-11 20:41:07
33.3,31.8,10-12-11 20:47:15
33.35,31.95,10-12-11 20:50:18
33.35,31.9,10-12-11 20:56:26
33.4,32.0,10-12-11 20:59:30
33.35,31.95,10-12-11 21:02:34
33.5,32.05,10-12-11 21:11:45
33.45,32.0,10-12-11 22:04:54
33.5,32.05,10-12-11 22:11:01
33.55,32.05,10-12-11 22:20:17
33.45,32.0,10-12-11 22:26:27
33.35,31.9,10-13-11 07:08:30
33.3,31.85,10-13-11 08:03:56
33.25,31.8,10-13-11 08:10:03
33.35,31.85,10-13-11 08:13:11
33.3,31.85,10-13-11 08:16:17
33.25,31.8,10-13-11 08:19:20
33.35,31.85,10-13-11 08:31:40
33.3,31.85,10-13-11 08:34:44
33.35,31.85,10-13-11 08:40:52
33.25,31.8,10-13-11 08:43:56
33.2,31.8,10-13-11 08:47:01
33.2,31.75,10-13-11 08:50:06
33.15,31.7,10-13-11 09:05:24
33.15,31.75,10-13-11 09:08:28
33.15,31.7,10-13-11 09:11:32
33.1,31.65,10-13-11 09:14:37
33.15,31.7,10-13-11 09:20:44
32.65,32.2,10-13-11 09:33:00
32.7,32.1,10-13-11 09:40:09
32.65,32.15,10-13-11 09:43:15
32.55,32.1,10-13-11 09:45:22
32.6,32.15,10-13-11 09:49:33
32.55,32.15,10-13-11 09:52:37
32.55,32.1,10-13-11 09:55:41
32.65,32.25,10-13-11 09:58:44
32.65,32.2,10-13-11 10:01:49
32.65,32.25,10-13-11 10:04:53
32.7,32.25,10-13-11 10:07:57
32.65,32.25,10-13-11 10:11:01
32.7,32.3,10-13-11 10:14:05
32.75,32.3,10-13-11 10:17:08
32.75,32.35,10-13-11 10:20:13
32.75,32.3,10-13-11 10:23:17
32.7,32.3,10-13-11 10:29:25
32.7,32.25,10-13-11 10:35:32
32.75,32.3,10-13-11 10:38:36
32.75,32.35,10-13-11 10:41:41
32.75,32.3,10-13-11 10:44:44
32.7,32.3,10-13-11 10:50:52
32.75,32.3,10-13-11 10:54:57
32.75,32.35,10-13-11 11:00:04
32.8,32.4,10-13-11 11:04:09
32.8,32.35,10-13-11 11:07:13
32.8,32.4,10-13-11 11:10:17
32.85,32.45,10-13-11 11:12:20
32.75,32.35,10-13-11 11:16:25
32.7,32.25,10-13-11 11:19:29
32.75,32.35,10-13-11 11:22:33
32.75,32.3,10-13-11 11:25:37
32.75,32.35,10-13-11 11:28:42
32.8,32.4,10-13-11 11:43:00
32.8,32.35,10-13-11 11:59:22
32.85,32.4,10-13-11 12:02:26
32.75,32.35,10-13-11 12:05:30
32.8,32.35,10-13-11 12:11:38
32.75,32.35,10-13-11 12:20:49
32.8,32.35,10-13-11 12:23:53
32.75,32.35,10-13-11 12:26:58
32.75,32.3,10-13-11 12:30:01
32.75,32.35,10-13-11 12:33:05
32.75,32.3,10-13-11 12:36:09
32.7,32.25,10-13-11 12:39:13
32.7,32.3,10-13-11 12:42:16
32.65,32.25,10-13-11 12:45:20
32.7,32.3,10-13-11 12:48:24
32.75,32.35,10-13-11 12:51:28
32.75,32.3,10-13-11 12:54:32
32.75,32.35,10-13-11 13:00:39
32.8,32.35,10-13-11 13:03:43
32.75,32.35,10-13-11 13:06:47
32.8,32.4,10-13-11 13:13:55
32.8,32.35,10-13-11 13:16:59
32.75,32.35,10-13-11 13:20:03
32.8,32.35,10-13-11 13:27:12
32.75,32.35,10-13-11 13:29:15
32.7,32.3,10-13-11 13:32:19
32.75,32.3,10-13-11 13:44:34
32.7,32.3,10-13-11 13:48:39
32.75,32.3,10-13-11 13:50:41
32.65,32.25,10-13-11 13:54:46
32.55,32.15,10-13-11 13:57:50
32.5,32.1,10-13-11 14:00:53
32.55,32.15,10-13-11 14:03:56
32.6,32.2,10-13-11 14:07:00
32.55,32.1,10-13-11 14:13:07
32.55,32.15,10-13-11 14:16:11
32.55,32.1,10-13-11 14:28:27
32.55,32.15,10-13-11 14:31:31
32.5,32.05,10-13-11 14:46:52
32.45,32.05,10-13-11 14:49:56
32.4,32.0,10-13-11 14:56:04
32.4,32.05,10-13-11 15:03:13
32.4,32.0,10-13-11 15:05:15
32.35,31.95,10-13-11 15:08:19
32.4,32.0,10-13-11 15:11:23
32.3,31.9,10-13-11 15:15:28
32.35,31.95,10-13-11 15:17:30
32.4,31.95,10-13-11 15:20:34
32.3,31.9,10-13-11 15:24:39
32.35,31.95,10-13-11 15:27:43
32.4,31.95,10-13-11 15:33:50
32.5,31.1,10-13-11 20:21:02
32.4,30.95,10-13-11 20:24:06
32.5,31.1,10-13-11 20:28:11
32.45,31.1,10-13-11 20:31:15
32.45,31.05,10-13-11 20:37:23
32.4,31.05,10-13-11 20:40:27
32.35,30.95,10-13-11 20:43:32
32.45,31.0,10-13-11 20:45:34
32.4,31.0,10-13-11 20:52:43
32.5,31.05,10-13-11 20:55:47
32.45,31.05,10-13-11 21:01:55
32.55,31.1,10-13-11 21:04:59
32.5,31.05,10-13-11 21:08:03
32.5,31.1,10-13-11 21:11:07
32.55,31.1,10-13-11 21:14:12
32.6,31.15,10-13-11 21:17:15
32.55,31.15,10-13-11 21:23:26
32.6,31.15,10-13-11 21:26:30
32.55,31.1,10-13-11 21:29:34
32.5,31.1,10-13-11 21:35:42
32.6,31.2,10-13-11 21:38:45
32.6,31.15,10-13-11 21:47:58
32.6,31.2,10-13-11 21:51:02
32.6,31.15,10-13-11 21:57:10
32.55,31.1,10-13-11 22:10:06
32.5,31.1,10-13-11 22:13:11
32.55,31.1,10-13-11 22:16:18
32.55,31.15,10-13-11 22:19:24
32.55,31.1,10-13-11 22:25:33
32.6,31.15,10-13-11 22:28:36
32.55,31.1,10-13-11 22:37:48
32.5,31.05,10-13-11 22:46:59
32.55,31.15,10-13-11 22:50:03
32.6,31.15,10-13-11 22:53:07
32.65,31.2,10-13-11 22:59:15
32.6,31.2,10-13-11 23:02:20
32.65,31.2,10-13-11 23:08:28
32.65,31.15,10-13-11 23:17:39
32.65,31.2,10-13-11 23:23:47
32.6,31.1,10-13-11 23:32:59
32.55,31.1,10-13-11 23:39:08
32.75,31.15,10-14-11 07:57:05
32.5,31.15,10-14-11 09:48:28
32.65,31.25,10-14-11 10:26:16
32.6,31.25,10-14-11 10:29:20
32.15,31.75,10-14-11 10:38:31
32.1,31.7,10-14-11 10:48:44
32.2,31.75,10-14-11 10:54:53
32.15,31.75,10-14-11 10:57:56
32.2,31.75,10-14-11 11:02:03
32.25,31.85,10-14-11 11:04:05
32.2,31.8,10-14-11 11:07:09
32.25,31.8,10-14-11 11:11:14
32.3,31.9,10-14-11 11:14:18
32.25,31.85,10-14-11 11:17:22
32.2,31.8,10-14-11 11:32:44
32.25,31.85,10-14-11 11:35:49
32.2,31.8,10-14-11 11:45:03
32.25,31.85,10-14-11 11:54:15
32.3,31.9,10-14-11 12:00:22
32.25,31.85,10-14-11 12:13:39
32.3,31.85,10-14-11 12:28:58
32.35,31.9,10-14-11 12:32:02
32.3,31.9,10-14-11 12:35:06
32.25,31.85,10-14-11 12:38:13
32.2,31.8,10-14-11 12:44:23
32.25,31.85,10-14-11 12:53:35
32.2,31.8,10-14-11 12:56:39
32.15,31.8,10-14-11 13:02:46
32.2,31.75,10-14-11 13:05:50
32.15,31.75,10-14-11 13:08:53
32.2,31.75,10-14-11 13:11:57
32.15,31.75,10-14-11 13:22:10
32.2,31.75,10-14-11 13:25:15
32.15,31.75,10-14-11 13:27:18
32.15,31.7,10-14-11 13:30:21
32.15,31.75,10-14-11 13:34:27
32.2,31.8,10-14-11 13:37:31
32.2,31.75,10-14-11 13:46:42
32.15,31.75,10-14-11 13:49:46
32.2,31.8,10-14-11 13:52:50
32.25,31.8,10-14-11 13:58:58
32.2,31.8,10-14-11 14:02:02
32.2,31.75,10-14-11 14:14:19
32.2,31.8,10-14-11 14:26:34
32.2,31.75,10-14-11 14:32:46
32.1,31.65,10-14-11 14:35:51
32.0,31.6,10-14-11 14:42:01
32.05,31.6,10-14-11 14:45:05
32.0,31.6,10-14-11 14:48:08
31.95,31.55,10-14-11 14:54:16
32.0,31.55,10-14-11 14:57:20
32.0,31.6,10-14-11 15:00:24
31.95,31.6,10-14-11 15:03:28
31.95,31.5,10-14-11 15:06:32
32.05,31.65,10-14-11 15:13:41
32.0,31.6,10-14-11 15:16:45
32.0,31.55,10-14-11 15:22:55
31.95,31.55,10-14-11 15:26:00
31.95,31.5,10-14-11 15:29:06
32.0,31.6,10-14-11 15:32:15
31.95,31.55,10-14-11 15:42:28
32.0,31.6,10-14-11 15:45:31
32.0,31.65,10-14-11 15:48:35
32.05,31.65,10-14-11 15:51:39
32.15,31.7,10-14-11 15:54:43
32.15,31.75,10-14-11 15:57:47
32.25,31.8,10-14-11 16:00:51
32.25,31.85,10-14-11 16:03:59
32.35,31.95,10-14-11 16:07:02
32.3,31.9,10-14-11 16:13:10
32.4,32.0,10-14-11 16:16:14
32.35,31.95,10-14-11 16:19:17
32.4,32.0,10-14-11 16:22:21
32.5,32.1,10-14-11 16:25:25
32.4,32.05,10-14-11 16:31:33
32.55,32.15,10-14-11 16:34:37
32.45,32.05,10-14-11 16:37:43
32.5,32.1,10-14-11 16:43:52
32.45,32.0,10-14-11 16:46:56
32.45,32.05,10-14-11 16:50:00
32.5,32.05,10-14-11 16:53:03
32.35,32.0,10-14-11 16:56:07
32.3,31.9,10-14-11 17:00:12
32.8,31.45,10-14-11 17:03:16
32.6,31.25,10-14-11 17:06:19
32.7,31.35,10-14-11 17:09:24
32.75,31.4,10-14-11 17:12:29
32.75,31.35,10-14-11 17:15:33
32.85,31.5,10-14-11 17:18:36
32.85,31.45,10-14-11 17:24:44
32.75,31.4,10-14-11 17:27:48
32.7,31.3,10-14-11 17:33:55
32.65,31.25,10-14-11 17:36:59
32.75,31.35,10-14-11 17:40:03
32.7,31.35,10-14-11 17:49:14
32.8,31.4,10-14-11 17:52:19
32.75,31.4,10-14-11 17:55:23
32.75,31.35,10-14-11 17:58:28
32.75,31.4,10-14-11 18:01:33
32.8,31.45,10-14-11 18:04:37
32.85,31.5,10-14-11 18:11:45
32.9,31.55,10-14-11 18:13:48
32.85,31.45,10-14-11 18:16:52
32.75,31.4,10-14-11 18:24:00
32.8,31.4,10-14-11 18:26:03
32.85,31.45,10-14-11 18:30:08
32.75,31.4,10-14-11 18:33:12
32.7,31.35,10-14-11 18:36:16
32.7,31.3,10-14-11 18:39:20
32.65,31.3,10-14-11 18:42:24
32.7,31.3,10-14-11 18:48:32
32.55,31.2,10-14-11 18:51:35
32.6,31.2,10-14-11 19:09:58
32.55,31.2,10-14-11 19:13:02
32.45,31.05,10-14-11 19:16:06
32.4,31.05,10-14-11 19:22:13
32.5,31.1,10-14-11 19:28:21
32.35,31.0,10-14-11 19:31:25
32.4,31.05,10-14-11 19:34:29
32.35,31.0,10-14-11 19:40:36
32.4,31.0,10-14-11 19:43:40
32.35,31.0,10-14-11 19:46:44
32.25,30.9,10-14-11 19:49:47
32.3,30.95,10-14-11 19:52:51
32.35,31.0,10-14-11 19:56:56
32.35,30.95,10-14-11 20:02:02
32.4,31.0,10-14-11 20:06:08
32.35,30.95,10-14-11 20:09:12
32.35,31.0,10-14-11 20:12:16
32.5,31.05,10-14-11 20:15:19
32.5,31.1,10-14-11 20:21:27
32.3,30.95,10-14-11 20:24:31
32.35,30.95,10-14-11 20:27:35
32.4,31.0,10-14-11 20:30:39
32.4,30.95,10-14-11 20:33:43
32.4,31.0,10-14-11 20:36:47
32.35,30.95,10-14-11 20:42:55
32.45,31.05,10-14-11 20:45:59
32.4,31.05,10-14-11 20:49:03
32.45,31.05,10-14-11 20:52:08
32.5,31.15,10-14-11 20:55:12
32.55,31.15,10-14-11 21:01:23
32.5,31.15,10-14-11 21:07:31
32.6,31.2,10-14-11 21:10:35
32.55,31.15,10-14-11 21:13:39
32.6,31.2,10-14-11 21:16:42
32.65,31.2,10-14-11 21:19:46
32.65,31.25,10-14-11 21:28:58
32.65,31.2,10-14-11 21:39:10
32.65,31.25,10-14-11 21:41:13
32.65,31.2,10-14-11 21:48:22
32.6,31.15,10-14-11 21:50:25
32.6,31.2,10-14-11 21:57:33
32.65,31.25,10-14-11 22:00:37
32.7,31.25,10-14-11 22:09:48
32.65,31.25,10-14-11 22:12:53
32.65,31.2,10-14-11 22:19:00
32.6,31.15,10-14-11 22:22:04
32.65,31.2,10-14-11 22:28:11
32.6,31.15,10-14-11 22:40:27
32.65,31.2,10-14-11 22:49:38
32.55,31.2,10-14-11 22:52:42
32.55,31.15,10-14-11 22:55:45
32.5,31.15,10-14-11 22:58:49
32.55,31.15,10-14-11 23:04:56
32.6,31.15,10-14-11 23:08:00
32.6,31.2,10-14-11 23:14:14
32.55,31.15,10-14-11 23:20:22
32.6,31.15,10-14-11 23:30:35
32.7,31.2,10-15-11 09:20:26
32.7,31.2,10-15-11 19:09:27
32.7,31.2,10-16-11 16:27:50
32.7,31.25,10-17-11 03:02:01
32.75,31.25,10-17-11 03:08:09
32.75,31.2,10-17-11 03:11:13
32.75,31.25,10-17-11 03:14:17
32.7,31.25,10-17-11 03:17:21
32.7,31.3,10-17-11 03:21:27
32.75,31.25,10-17-11 03:24:32
32.75,31.3,10-17-11 03:29:38
32.75,31.25,10-17-11 03:33:44
32.8,31.35,10-17-11 03:39:52
32.75,31.35,10-17-11 03:41:55
32.7,31.25,10-17-11 03:46:00
32.65,31.2,10-17-11 03:49:04
32.7,31.25,10-17-11 03:51:07
32.75,31.3,10-17-11 03:55:12
32.8,31.35,10-17-11 04:01:20
32.75,31.3,10-17-11 04:04:24
32.7,31.3,10-17-11 04:10:32
32.75,31.3,10-17-11 04:13:36
32.7,31.25,10-17-11 04:16:40
32.65,31.25,10-17-11 04:22:48
32.7,31.25,10-17-11 04:35:05
32.65,31.2,10-17-11 04:38:09
32.7,31.3,10-17-11 04:44:17
32.75,31.3,10-17-11 04:50:25
32.7,31.3,10-17-11 04:53:28
32.75,31.3,10-17-11 04:59:37
32.7,31.25,10-17-11 05:02:41
32.65,31.25,10-17-11 05:05:45
32.6,31.15,10-17-11 05:11:53
32.65,31.2,10-17-11 05:18:01
32.7,31.3,10-17-11 05:21:05
32.7,31.25,10-17-11 05:24:09
32.65,31.25,10-17-11 05:27:13
32.7,31.25,10-17-11 05:36:26
32.75,31.35,10-17-11 05:42:33
32.75,31.3,10-17-11 05:54:49
32.75,31.35,10-17-11 06:01:58
32.75,31.3,10-17-11 06:04:01
32.8,31.35,10-17-11 06:07:05
32.75,31.35,10-17-11 06:11:11
32.8,31.35,10-17-11 06:14:15
32.85,31.4,10-17-11 06:19:22
32.8,31.4,10-17-11 06:26:37
32.8,31.35,10-17-11 06:28:41
32.75,31.3,10-17-11 06:45:05
32.75,31.35,10-17-11 06:48:09
32.75,31.3,10-17-11 06:51:13
32.75,31.35,10-17-11 06:53:16
32.75,31.3,10-17-11 06:57:21
32.75,31.35,10-17-11 07:09:38
32.75,31.3,10-17-11 07:15:49
32.75,31.35,10-17-11 07:18:54
32.75,31.3,10-17-11 07:21:59
32.8,31.35,10-17-11 07:25:03
32.75,31.3,10-17-11 07:28:07
32.7,31.3,10-17-11 07:58:45
32.7,31.25,10-17-11 08:04:53
32.7,31.3,10-17-11 08:07:57
32.7,31.25,10-17-11 08:14:04
32.7,31.3,10-17-11 08:17:08
32.7,31.25,10-17-11 09:09:13
32.7,31.2,10-17-11 09:12:17
32.7,31.25,10-17-11 09:15:21
32.65,31.25,10-17-11 09:18:24
32.65,31.2,10-17-11 09:22:30
32.65,31.15,10-17-11 09:25:33
32.65,31.25,10-17-11 09:27:36
32.15,31.7,10-17-11 09:31:41
32.1,31.65,10-17-11 09:34:45
32.15,31.65,10-17-11 09:37:48
32.1,31.65,10-17-11 09:40:52
32.05,31.65,10-17-11 09:48:01
32.0,31.55,10-17-11 09:51:05
32.1,31.55,10-17-11 09:56:12
32.0,31.55,10-17-11 09:58:14
32.05,31.55,10-17-11 10:01:19
31.85,31.45,10-17-11 10:04:23
31.8,31.4,10-17-11 10:07:26
31.85,31.4,10-17-11 10:10:31
31.8,31.4,10-17-11 10:16:38
31.75,31.35,10-17-11 10:19:42
31.8,31.4,10-17-11 10:23:47
31.8,31.45,10-17-11 10:36:03
31.85,31.45,10-17-11 10:39:07
31.8,31.45,10-17-11 10:45:15
31.85,31.45,10-17-11 10:48:19
31.8,31.45,10-17-11 10:56:30
31.85,31.45,10-17-11 10:59:34
31.9,31.5,10-17-11 11:02:38
31.95,31.6,10-17-11 11:21:01
32.1,31.7,10-17-11 11:28:09
32.15,31.8,10-17-11 11:31:13
32.2,31.8,10-17-11 11:36:19
32.15,31.8,10-17-11 11:40:25
32.2,31.8,10-17-11 11:46:33
32.1,31.7,10-17-11 11:49:37
32.1,31.75,10-17-11 11:52:41
32.15,31.75,10-17-11 11:55:45
32.15,31.7,10-17-11 12:16:10
32.6,31.25,10-17-11 12:23:18
32.25,31.85,10-17-11 12:32:29
32.3,31.85,10-17-11 12:38:37
32.75,31.35,10-17-11 12:44:45
32.3,31.9,10-17-11 12:47:49
32.8,31.45,10-17-11 12:54:57
32.25,31.85,10-17-11 16:27:39
32.65,31.3,10-17-11 16:28:40
32.2,31.75,10-17-11 16:31:44
32.7,31.35,10-17-11 16:32:45
32.15,31.75,10-17-11 16:41:56
32.2,31.8,10-17-11 16:45:00
32.15,31.75,10-17-11 16:47:03
32.15,31.8,10-17-11 16:50:07
32.15,31.75,10-17-11 16:57:16
32.2,31.75,10-17-11 17:00:19
32.15,31.7,10-17-11 17:03:24
32.0,31.65,10-17-11 17:06:28
32.0,31.6,10-17-11 17:10:34
32.05,31.6,10-17-11 17:13:38
32.05,31.7,10-17-11 17:16:41
32.1,31.7,10-17-11 17:20:47
32.05,31.65,10-17-11 17:23:50
32.1,31.7,10-17-11 17:39:11
32.05,31.65,10-17-11 17:42:14
31.9,31.5,10-17-11 17:48:22
31.75,31.4,10-17-11 17:51:26
31.9,31.5,10-17-11 17:54:30
31.95,31.55,10-17-11 17:57:33
32.35,31.05,10-17-11 18:00:37
32.35,31.0,10-17-11 18:06:45
32.35,31.05,10-17-11 18:09:49
32.45,31.1,10-17-11 18:12:53
32.5,31.15,10-17-11 18:15:56
32.55,31.2,10-17-11 18:19:00
32.55,31.15,10-17-11 18:25:07
32.5,31.15,10-17-11 18:31:15
32.45,31.1,10-17-11 18:34:35
32.5,31.15,10-17-11 18:43:48
32.45,31.1,10-17-11 18:49:56
32.5,31.15,10-17-11 18:59:08
32.6,31.25,10-17-11 19:02:12
32.65,31.3,10-17-11 19:05:16
32.6,31.25,10-17-11 19:08:20
32.6,31.2,10-17-11 19:15:29
32.55,31.2,10-17-11 19:20:36
32.55,31.15,10-17-11 19:23:39
32.5,31.15,10-17-11 19:30:48
32.55,31.2,10-17-11 19:32:50
32.55,31.15,10-17-11 19:39:58
32.55,31.2,10-17-11 19:46:05
32.5,31.15,10-17-11 19:49:09
32.55,31.15,10-17-11 19:52:13
32.45,31.05,10-17-11 19:55:17
32.4,31.05,10-17-11 20:01:25
32.45,31.05,10-17-11 20:04:30
32.3,30.95,10-17-11 20:10:38
32.2,30.9,10-17-11 20:16:46
32.15,30.75,10-17-11 20:19:51
32.1,30.7,10-17-11 20:22:55
32.1,30.65,10-17-11 20:25:59
32.25,30.9,10-17-11 20:32:07
32.2,30.85,10-17-11 20:38:14
32.25,30.8,10-17-11 20:41:18
32.2,30.85,10-17-11 20:50:29
32.25,30.9,10-17-11 20:53:33
32.3,30.9,10-17-11 21:02:43
32.3,30.85,10-17-11 21:05:48
32.25,30.9,10-17-11 21:09:56
32.3,30.9,10-17-11 21:19:08
32.35,30.9,10-17-11 21:28:19
32.35,30.95,10-17-11 21:31:23
32.25,30.85,10-17-11 21:34:27
32.3,30.85,10-17-11 21:40:34
32.25,30.85,10-17-11 21:43:38
32.15,30.8,10-17-11 21:46:43
32.25,30.85,10-17-11 21:52:51
32.3,30.9,10-17-11 21:55:54
32.2,30.85,10-17-11 21:58:57
32.15,30.85,10-17-11 22:05:04
32.15,30.8,10-17-11 22:08:07
32.25,30.9,10-17-11 22:11:11
32.2,30.75,10-17-11 22:17:18
32.1,30.7,10-17-11 22:20:22
32.25,30.8,10-17-11 22:23:27
32.15,30.75,10-17-11 22:29:34
32.25,30.8,10-17-11 22:32:37
32.2,30.75,10-17-11 22:35:41
32.25,30.8,10-17-11 22:41:48
32.05,30.75,10-17-11 22:45:53
32.0,30.65,10-17-11 22:47:56
32.05,30.7,10-17-11 22:55:05
32.1,30.75,10-17-11 22:58:08
32.25,30.8,10-17-11 23:01:12
32.1,30.8,10-17-11 23:07:23
32.15,30.8,10-17-11 23:10:27
32.3,30.85,10-17-11 23:13:31
32.25,30.85,10-17-11 23:19:39
32.35,30.9,10-17-11 23:22:43
32.3,30.85,10-17-11 23:31:55
32.25,30.85,10-17-11 23:34:59
32.25,30.8,10-17-11 23:38:03
32.35,30.9,10-17-11 23:44:11
32.15,30.85,10-17-11 23:47:16
32.25,30.85,10-17-11 23:50:20
32.4,30.95,10-17-11 23:53:24
32.5,31.05,10-18-11 00:00:33
32.45,30.95,10-18-11 00:06:41
32.4,31.0,10-18-11 00:09:45
32.45,31.0,10-18-11 00:12:49
32.4,31.0,10-18-11 00:15:53
32.45,31.05,10-18-11 00:18:57
32.35,31.0,10-18-11 00:22:01
32.4,31.0,10-18-11 00:25:05
32.45,31.0,10-18-11 00:31:13
32.5,30.95,10-18-11 00:34:17
32.35,31.0,10-18-11 00:37:20
32.4,31.0,10-18-11 00:43:28
32.45,30.95,10-18-11 00:52:39
32.35,30.95,10-18-11 00:58:48
32.3,30.95,10-18-11 01:04:56
32.35,30.95,10-18-11 01:11:04
32.3,30.95,10-18-11 01:14:08
32.5,31.0,10-18-11 01:18:13
32.3,30.85,10-18-11 01:47:51
32.25,30.85,10-18-11 02:04:12
32.3,30.9,10-18-11 02:07:16
32.35,30.85,10-18-11 02:10:20
32.35,30.9,10-18-11 02:13:24
32.35,30.85,10-18-11 02:16:28
32.3,30.85,10-18-11 02:19:32
32.3,30.9,10-18-11 02:25:40
32.35,30.95,10-18-11 02:31:47
32.35,31.0,10-18-11 02:34:54
32.3,30.9,10-18-11 02:37:59
32.4,31.0,10-18-11 02:41:05
32.3,30.9,10-18-11 02:50:16
32.35,30.9,10-18-11 02:56:23
32.4,31.0,10-18-11 02:59:27
32.4,30.95,10-18-11 03:02:31
32.35,30.95,10-18-11 03:05:35
32.4,30.95,10-18-11 03:08:39
32.3,30.9,10-18-11 03:11:42
32.4,31.0,10-18-11 03:14:47
32.35,30.9,10-18-11 03:17:52
32.45,31.0,10-18-11 03:20:57
32.35,31.0,10-18-11 03:24:01
32.4,30.9,10-18-11 03:27:05
32.35,30.9,10-18-11 03:30:09
32.35,30.95,10-18-11 03:33:13
32.45,31.0,10-18-11 03:36:16
32.45,31.05,10-18-11 03:40:21
32.35,30.9,10-18-11 03:42:24
32.45,31.0,10-18-11 03:45:28
32.45,31.05,10-18-11 03:48:32
32.45,31.0,10-18-11 03:52:37
32.4,30.95,10-18-11 03:54:40
32.35,30.95,10-18-11 04:01:49
32.4,30.95,10-18-11 04:04:53
32.4,30.9,10-18-11 04:07:56
32.35,30.9,10-18-11 04:09:59
32.25,30.8,10-18-11 04:14:04
32.3,30.85,10-18-11 04:20:12
32.35,30.9,10-18-11 04:23:16
32.3,30.95,10-18-11 04:26:19
32.35,30.9,10-18-11 04:29:23
32.4,30.9,10-18-11 04:32:27
32.35,30.9,10-18-11 04:35:31
32.4,30.9,10-18-11 04:38:35
32.4,30.95,10-18-11 04:41:39
32.4,31.05,10-18-11 04:44:42
32.4,30.95,10-18-11 04:47:46
32.4,31.0,10-18-11 04:50:50
32.4,30.95,10-18-11 04:53:54
32.4,31.0,10-18-11 05:03:07
32.5,31.1,10-18-11 05:09:15
32.45,31.0,10-18-11 05:15:22
32.45,31.05,10-18-11 05:18:27
32.4,31.05,10-18-11 05:21:31
32.5,31.05,10-18-11 05:24:34
32.5,31.1,10-18-11 05:27:39
32.45,30.95,10-18-11 05:30:44
32.4,30.95,10-18-11 05:33:49
32.35,30.9,10-18-11 05:36:52
32.4,30.95,10-18-11 05:43:00
32.45,30.95,10-18-11 05:46:04
32.4,30.9,10-18-11 05:49:07
32.4,31.05,10-18-11 05:55:15
32.4,30.9,10-18-11 05:58:19
32.35,30.85,10-18-11 06:02:24
32.3,30.85,10-18-11 06:07:31
32.3,30.9,10-18-11 06:10:34
32.3,30.85,10-18-11 06:14:39
32.3,30.9,10-18-11 06:22:50
32.25,30.8,10-18-11 06:26:55
32.25,30.85,10-18-11 06:29:58
32.3,30.85,10-18-11 06:39:11
32.3,30.9,10-18-11 06:42:15
32.3,30.85,10-18-11 06:51:26
32.25,30.85,10-18-11 06:57:34
32.3,30.85,10-18-11 07:00:38
32.25,30.85,10-18-11 07:03:42
32.2,30.8,10-18-11 07:06:46
32.2,30.75,10-18-11 07:12:54
32.2,30.8,10-18-11 07:25:16
32.2,30.75,10-18-11 07:37:30
32.2,30.8,10-18-11 07:46:40
32.2,30.75,10-18-11 07:49:44
32.2,30.85,10-18-11 07:52:47
32.2,30.8,10-18-11 07:58:56
32.25,30.75,10-18-11 08:05:04
32.2,30.75,10-18-11 09:06:20
32.15,30.75,10-18-11 09:13:29
32.15,30.7,10-18-11 09:19:36
32.25,30.7,10-18-11 09:22:40
32.25,30.75,10-18-11 09:25:44
32.2,30.8,10-18-11 09:28:48
31.75,31.3,10-18-11 09:31:52
31.8,31.25,10-18-11 09:37:59
31.75,31.3,10-18-11 09:41:03
31.8,31.4,10-18-11 09:47:10
31.75,31.35,10-18-11 10:00:27
31.8,31.3,10-18-11 10:03:31
31.7,31.3,10-18-11 10:07:36
31.65,31.2,10-18-11 10:13:44
31.6,31.2,10-18-11 10:16:47
31.55,31.15,10-18-11 10:23:57
31.6,31.2,10-18-11 10:27:01
31.55,31.2,10-18-11 10:31:07
31.6,31.2,10-18-11 10:37:15
31.55,31.15,10-18-11 10:40:19
31.55,31.1,10-18-11 10:46:27
31.5,31.05,10-18-11 10:53:36
31.5,31.1,10-18-11 10:59:45
31.45,31.1,10-18-11 11:02:49
31.55,31.15,10-18-11 11:05:52
31.45,31.05,10-18-11 11:14:03
31.6,31.2,10-18-11 11:17:06
31.65,31.2,10-18-11 11:29:22
31.65,31.25,10-18-11 11:32:26
31.7,31.3,10-18-11 11:35:30
31.75,31.35,10-18-11 11:38:33
31.65,31.25,10-18-11 11:47:45
31.7,31.3,10-18-11 11:51:50
31.75,31.3,10-18-11 11:56:56
31.65,31.25,10-18-11 12:01:01
31.65,31.3,10-18-11 12:03:04
31.65,31.25,10-18-11 12:07:09
31.5,31.15,10-18-11 12:10:12
31.6,31.2,10-18-11 12:13:16
31.55,31.15,10-18-11 12:16:20
31.6,31.2,10-18-11 12:22:28
31.65,31.25,10-18-11 12:28:36
31.6,31.2,10-18-11 12:46:59
31.65,31.25,10-18-11 12:53:09
31.6,31.2,10-18-11 12:56:13
31.6,31.25,10-18-11 12:59:17
31.6,31.2,10-18-11 13:02:21
31.3,30.9,10-18-11 13:08:29
31.25,30.85,10-18-11 13:12:35
31.4,30.95,10-18-11 13:14:37
31.25,30.9,10-18-11 13:17:41
31.3,30.9,10-18-11 13:20:45
31.35,30.95,10-18-11 13:23:48
31.35,31.0,10-18-11 13:27:53
31.35,30.95,10-18-11 13:30:57
31.35,30.9,10-18-11 13:43:13
31.3,30.85,10-18-11 13:46:17
31.3,30.9,10-18-11 13:49:21
31.35,30.95,10-18-11 13:52:24
31.4,30.95,10-18-11 13:55:28
31.45,31.05,10-18-11 13:58:32
31.4,31.0,10-18-11 14:01:36
31.35,30.95,10-18-11 14:13:51
31.4,31.0,10-18-11 14:16:55
31.45,31.05,10-18-11 14:19:59
31.4,31.0,10-18-11 14:23:03
31.35,30.95,10-18-11 14:39:26
31.25,30.85,10-18-11 14:42:31
31.25,30.8,10-18-11 14:45:35
31.25,30.85,10-18-11 14:48:39
31.2,30.8,10-18-11 14:51:43
31.2,30.85,10-18-11 14:54:47
31.2,30.8,10-18-11 14:57:52
31.2,30.85,10-18-11 15:00:55
31.25,30.85,10-18-11 15:05:00
31.3,30.9,10-18-11 15:08:04
31.35,30.95,10-18-11 15:13:10
31.4,31.0,10-18-11 15:16:14
31.45,31.05,10-18-11 15:19:18
31.4,31.0,10-18-11 15:22:22
31.6,31.2,10-18-11 15:32:35
31.45,31.05,10-18-11 15:38:43
31.55,31.1,10-18-11 15:44:50
31.4,31.0,10-18-11 15:47:54
31.3,30.85,10-18-11 15:52:00
31.1,30.7,10-18-11 15:54:02
31.2,30.8,10-18-11 15:58:07
31.15,30.8,10-18-11 16:00:10
31.15,30.75,10-18-11 16:04:15
31.2,30.8,10-18-11 16:07:19
31.0,30.6,10-18-11 16:10:22
31.05,30.65,10-18-11 16:13:26
31.05,30.6,10-18-11 16:16:30
31.2,30.75,10-18-11 16:19:36
31.1,30.75,10-18-11 16:29:51
31.1,30.7,10-18-11 16:31:54
31.2,30.75,10-18-11 16:34:59
31.1,30.7,10-18-11 16:38:03
31.3,30.85,10-18-11 16:41:07
31.25,30.8,10-18-11 16:44:11
31.1,30.75,10-18-11 16:47:16
31.15,30.7,10-18-11 16:50:20
31.05,30.7,10-18-11 16:53:24
31.1,30.65,10-18-11 16:56:28
31.15,30.75,10-18-11 16:59:32
31.25,30.85,10-18-11 17:05:43
31.35,30.95,10-18-11 17:12:58
31.3,30.9,10-18-11 17:22:10
31.3,30.85,10-18-11 17:25:15
31.3,30.9,10-18-11 17:28:19
31.35,30.95,10-18-11 17:31:22
31.4,31.0,10-18-11 17:34:26
31.35,30.95,10-18-11 17:37:30
31.3,30.95,10-18-11 17:43:38
31.3,30.9,10-18-11 17:47:43
31.2,30.8,10-18-11 17:50:47
31.15,30.75,10-18-11 17:53:52
31.1,30.7,10-18-11 18:00:00
31.55,30.25,10-18-11 18:03:04
31.45,30.1,10-18-11 18:06:08
31.55,30.25,10-18-11 18:09:13
31.65,30.3,10-18-11 18:12:18
31.7,30.3,10-18-11 18:15:22
31.65,30.3,10-18-11 18:18:26
31.7,30.35,10-18-11 18:21:33
31.8,30.45,10-18-11 18:24:36
31.9,30.55,10-18-11 18:33:49
32.0,30.65,10-18-11 18:36:53
32.1,30.75,10-18-11 18:43:00
32.05,30.65,10-18-11 18:46:04
32.05,30.7,10-18-11 18:49:08
32.0,30.65,10-18-11 18:53:13
31.9,30.55,10-18-11 18:55:15
32.0,30.6,10-18-11 19:01:22
32.0,30.65,10-18-11 19:04:26
32.0,30.6,10-18-11 19:09:33
31.95,30.6,10-18-11 19:13:38
31.9,30.5,10-18-11 19:17:43
31.85,30.5,10-18-11 19:20:50
31.95,30.6,10-18-11 19:23:54
31.9,30.55,10-18-11 19:26:58
31.9,30.5,10-18-11 19:30:02
31.8,30.45,10-18-11 19:33:07
31.9,30.55,10-18-11 19:36:11
32.05,30.65,10-18-11 19:39:14
32.2,30.8,10-18-11 19:42:19
32.25,30.85,10-18-11 19:45:23
32.35,30.95,10-18-11 19:48:27
32.4,31.0,10-18-11 19:51:31
32.45,31.05,10-18-11 19:54:34
32.35,30.95,10-18-11 19:57:38
32.4,31.0,10-18-11 20:03:49
32.35,31.0,10-18-11 20:10:04
32.45,31.05,10-18-11 20:13:14
32.4,31.0,10-18-11 20:16:19
32.45,31.1,10-18-11 20:22:26
32.55,31.15,10-18-11 20:25:33
32.6,31.2,10-18-11 20:28:37
32.65,31.25,10-18-11 20:34:46
32.7,31.2,10-18-11 20:37:50
32.8,31.35,10-18-11 20:40:55
33.0,31.5,10-18-11 20:44:08
32.9,31.4,10-18-11 20:47:15
32.85,31.4,10-18-11 20:50:21
32.75,31.25,10-18-11 20:53:25
32.7,31.3,10-18-11 20:56:30
32.65,31.25,10-18-11 20:59:36
32.8,31.4,10-18-11 21:02:41
32.75,31.35,10-18-11 21:05:45
32.7,31.3,10-18-11 21:08:49
32.65,31.25,10-18-11 21:14:58
32.7,31.25,10-18-11 21:18:05
32.65,31.2,10-18-11 21:24:18
32.6,31.2,10-18-11 21:27:21
32.75,31.3,10-18-11 21:33:30
32.75,31.25,10-18-11 21:36:35
32.75,31.3,10-18-11 21:39:38
32.75,31.25,10-18-11 21:42:43
32.65,31.2,10-18-11 21:45:50
32.75,31.25,10-18-11 21:48:53
32.8,31.3,10-18-11 21:51:58
32.8,31.3,10-18-11 21:58:26
32.7,31.25,10-18-11 22:01:30
32.7,31.2,10-18-11 22:04:34
32.75,31.25,10-18-11 22:10:43
32.85,31.35,10-18-11 22:13:47
32.8,31.35,10-18-11 22:16:54
32.75,31.3,10-18-11 22:20:00
32.8,31.35,10-18-11 22:23:04
32.8,31.3,10-18-11 22:29:12
32.75,31.25,10-18-11 22:32:16
32.75,31.35,10-18-11 22:35:20
32.8,31.45,10-18-11 22:38:25
32.8,31.4,10-18-11 22:41:30
32.75,31.35,10-18-11 22:44:34
32.8,31.4,10-18-11 22:47:38
32.85,31.4,10-18-11 22:50:42
32.8,31.35,10-18-11 22:56:50
32.7,31.3,10-18-11 22:59:54
32.85,31.4,10-18-11 23:03:03
33.1,31.6,10-18-11 23:15:25
33.05,31.55,10-18-11 23:18:29
32.75,31.35,10-18-11 23:21:33
33.05,31.55,10-18-11 23:24:37
33.0,31.6,10-18-11 23:27:41
32.95,31.55,10-18-11 23:30:45
32.95,31.5,10-18-11 23:33:49
33.0,31.5,10-18-11 23:36:53
33.05,31.55,10-18-11 23:43:01
32.95,31.55,10-18-11 23:49:09
33.0,31.55,10-18-11 23:52:13
33.05,31.55,10-18-11 23:55:17
33.0,31.55,10-19-11 00:02:27
32.9,31.5,10-19-11 00:04:29
32.85,31.5,10-19-11 00:07:34
32.85,31.45,10-19-11 00:10:38
32.95,31.45,10-19-11 00:16:46
32.85,31.45,10-19-11 00:19:50
32.9,31.4,10-19-11 00:27:02
32.85,31.45,10-19-11 00:29:06
32.95,31.4,10-19-11 00:32:11
32.9,31.4,10-19-11 00:36:16
32.85,31.4,10-19-11 00:39:21
32.9,31.4,10-19-11 00:41:23
32.9,31.45,10-19-11 00:45:31
32.9,31.4,10-19-11 00:48:36
32.95,31.45,10-19-11 00:53:43
32.9,31.4,10-19-11 00:57:49
32.95,31.35,10-19-11 01:00:54
32.85,31.35,10-19-11 01:03:59
32.8,31.4,10-19-11 01:10:08
32.95,31.4,10-19-11 01:13:12
32.85,31.4,10-19-11 01:16:17
32.95,31.35,10-19-11 01:19:21
32.9,31.35,10-19-11 01:50:03
32.85,31.35,10-19-11 02:05:21
32.9,31.35,10-19-11 02:08:25
32.85,31.35,10-19-11 02:11:29
32.75,31.35,10-19-11 02:14:33
32.8,31.35,10-19-11 02:17:36
32.75,31.25,10-19-11 02:20:40
32.7,31.25,10-19-11 02:23:44
32.7,31.3,10-19-11 02:26:47
32.8,31.3,10-19-11 02:29:52
32.75,31.35,10-19-11 02:32:55
32.75,31.3,10-19-11 02:39:05
32.75,31.35,10-19-11 02:42:11
32.85,31.35,10-19-11 02:45:14
32.9,31.35,10-19-11 02:48:18
32.8,31.35,10-19-11 02:51:22
32.8,31.3,10-19-11 02:57:30
32.75,31.25,10-19-11 03:00:34
32.7,31.2,10-19-11 03:03:38
32.6,31.2,10-19-11 03:07:43
32.7,31.25,10-19-11 03:09:45
32.7,31.2,10-19-11 03:12:49
32.75,31.2,10-19-11 03:16:54
32.7,31.2,10-19-11 03:25:05
32.7,31.25,10-19-11 03:29:10
32.8,31.25,10-19-11 03:35:18
32.75,31.25,10-19-11 03:38:22
32.8,31.25,10-19-11 03:41:26
32.7,31.25,10-19-11 03:47:34
32.65,31.2,10-19-11 03:50:38
32.6,31.2,10-19-11 03:56:47
32.7,31.2,10-19-11 03:59:50
32.65,31.25,10-19-11 04:02:55
32.7,31.25,10-19-11 04:05:58
32.65,31.2,10-19-11 04:12:06
32.7,31.2,10-19-11 04:15:10
32.6,31.2,10-19-11 04:21:21
32.7,31.2,10-19-11 04:24:25
32.75,31.25,10-19-11 04:27:32
32.75,31.3,10-19-11 04:30:36
32.75,31.25,10-19-11 04:33:40
32.8,31.25,10-19-11 04:39:47
32.75,31.25,10-19-11 04:42:51
32.8,31.3,10-19-11 05:04:20
32.85,31.4,10-19-11 05:07:24
32.85,31.35,10-19-11 05:10:28
32.8,31.3,10-19-11 05:13:32
32.85,31.35,10-19-11 05:19:40
32.9,31.4,10-19-11 05:25:49
32.95,31.4,10-19-11 05:31:57
32.9,31.4,10-19-11 05:35:01
32.9,31.35,10-19-11 05:42:11
32.85,31.35,10-19-11 05:44:14
32.7,31.3,10-19-11 05:47:18
32.65,31.25,10-19-11 05:51:24
32.75,31.35,10-19-11 05:56:30
32.8,31.3,10-19-11 06:00:35
32.75,31.25,10-19-11 06:03:39
32.65,31.25,10-19-11 06:06:43
32.65,31.2,10-19-11 06:09:47
32.75,31.25,10-19-11 06:15:55
32.7,31.2,10-19-11 06:25:06
32.75,31.2,10-19-11 06:28:10
32.75,31.25,10-19-11 06:31:15
32.7,31.25,10-19-11 06:34:27
32.8,31.3,10-19-11 06:37:32
32.75,31.3,10-19-11 06:40:36
32.8,31.3,10-19-11 06:43:40
32.85,31.35,10-19-11 06:52:53
32.8,31.3,10-19-11 06:55:57
32.55,31.15,10-19-11 07:08:11
32.75,31.25,10-19-11 07:11:21
32.7,31.2,10-19-11 07:14:28
32.7,31.15,10-19-11 07:20:39
32.7,31.2,10-19-11 07:23:44
32.75,31.25,10-19-11 07:26:48
32.8,31.2,10-19-11 07:29:52
32.65,31.15,10-19-11 07:32:55
32.6,31.1,10-19-11 07:42:06
32.65,31.15,10-19-11 07:51:20
32.6,31.1,10-19-11 07:54:27
32.35,31.0,10-19-11 18:50:37
32.3,30.9,10-19-11 18:51:38
32.25,30.9,10-19-11 18:54:43
32.3,30.9,10-19-11 19:00:51
32.2,30.8,10-19-11 19:03:54
32.1,30.75,10-19-11 19:06:58
32.1,30.7,10-19-11 19:10:02
32.15,30.75,10-19-11 19:13:06
32.1,30.75,10-19-11 19:16:10
32.0,30.6,10-19-11 19:22:16
31.9,30.55,10-19-11 19:25:21
32.0,30.65,10-19-11 19:31:29
32.05,30.7,10-19-11 19:34:36
32.05,30.65,10-19-11 19:37:42
31.95,30.6,10-19-11 19:43:51
32.05,30.65,10-19-11 19:46:54
31.95,30.55,10-19-11 19:49:58
31.9,30.55,10-19-11 19:53:01
31.95,30.6,10-19-11 19:56:05
31.95,30.55,10-19-11 19:59:09
31.85,30.5,10-19-11 20:02:13
32.0,30.6,10-19-11 20:05:17
32.0,30.55,10-19-11 20:08:21
31.9,30.5,10-19-11 20:11:25
31.8,30.5,10-19-11 20:19:17
31.85,30.55,10-19-11 20:21:30
31.85,30.55,10-19-11 20:21:56
31.85,30.5,10-19-11 20:24:02
31.95,30.6,10-19-11 20:27:06
31.95,30.55,10-19-11 20:30:10
31.85,30.5,10-19-11 20:33:14
31.95,30.55,10-19-11 20:36:18
31.95,30.55,10-19-11 20:37:20
32.05,30.6,10-19-11 20:39:23
31.95,30.6,10-19-11 20:42:27
32.0,30.6,10-19-11 20:45:30
32.2,30.75,10-19-11 20:48:34
32.15,30.7,10-19-11 20:51:40
32.1,30.7,10-19-11 20:54:44
32.15,30.7,10-19-11 20:57:50
32.05,30.6,10-19-11 21:00:56
32.0,30.6,10-19-11 21:04:00
31.95,30.6,10-19-11 21:10:08
31.9,30.5,10-19-11 21:23:26
31.85,30.45,10-19-11 21:25:28
31.85,30.5,10-19-11 21:28:32
31.8,30.45,10-19-11 21:32:38
31.85,30.45,10-19-11 21:35:42
31.8,30.45,10-19-11 21:38:46
31.9,30.45,10-19-11 21:41:50
31.85,30.5,10-19-11 21:44:54
31.85,30.5,10-19-11 21:45:20
31.85,30.5,10-19-11 21:45:46
31.9,30.5,10-19-11 21:47:49
