Gold-Buy,Gold-Sell,Date
1765.6,1691.2,10-09-11 21:32:49
1740.6,1667.0,10-10-11 09:56:52
1740.5,1666.5,10-10-11 10:03:00
1720.0,1680.0,10-10-11 10:05:02
1736.7,1667.0,10-10-11 10:12:12
1736.7,1667.8,10-10-11 10:15:15
1709.5,1695.1,10-10-11 10:18:19
1708.2,1693.8,10-10-11 10:21:23
1709.8,1694.6,10-10-11 10:24:27
1708.4,1693.0,10-10-11 10:27:31
1707.8,1693.4,10-10-11 10:30:35
1707.0,1692.2,10-10-11 10:33:39
1708.5,1693.5,10-10-11 10:37:44
1705.9,1691.5,10-10-11 10:41:49
1706.0,1690.7,10-10-11 10:44:52
1707.4,1692.6,10-10-11 10:47:56
1707.6,1693.2,10-10-11 10:52:02
1708.2,1693.6,10-10-11 10:55:05
1706.1,1692.0,10-10-11 10:58:10
1705.2,1690.0,10-10-11 11:01:13
1706.7,1691.9,10-10-11 11:04:17
1705.6,1691.5,10-10-11 11:07:21
1706.2,1691.7,10-10-11 11:10:25
1705.6,1691.2,10-10-11 11:13:29
1706.5,1691.9,10-10-11 11:16:33
1707.1,1692.4,10-10-11 11:19:37
1707.8,1693.1,10-10-11 11:22:40
1707.3,1693.1,10-10-11 11:25:44
1709.6,1695.5,10-10-11 11:28:48
1711.3,1697.0,10-10-11 11:31:52
1712.1,1697.0,10-10-11 11:35:57
1711.7,1697.3,10-10-11 11:39:00
1710.9,1696.6,10-10-11 11:42:04
1711.7,1697.4,10-10-11 11:45:08
1711.5,1697.2,10-10-11 11:48:12
1712.2,1697.9,10-10-11 11:51:16
1710.9,1696.7,10-10-11 11:54:20
1710.1,1695.9,10-10-11 11:57:24
1710.3,1695.7,10-10-11 12:00:28
1709.6,1695.0,10-10-11 12:03:32
1710.6,1695.8,10-10-11 12:06:36
1711.0,1696.3,10-10-11 12:09:39
1709.5,1695.4,10-10-11 12:13:45
1709.5,1695.0,10-10-11 12:15:47
1712.2,1698.0,10-10-11 12:19:52
1712.0,1697.7,10-10-11 12:22:56
1709.1,1694.6,10-10-11 12:24:59
1707.0,1692.1,10-10-11 12:29:04
1704.6,1689.5,10-10-11 12:32:08
1705.9,1690.9,10-10-11 12:35:12
1733.1,1663.8,10-10-11 12:41:20
1737.4,1668.6,10-10-11 13:57:58
1737.8,1668.3,10-10-11 14:01:02
1737.4,1668.0,10-10-11 14:04:05
1709.0,1694.4,10-10-11 14:07:09
1709.2,1694.8,10-10-11 14:10:13
1710.2,1695.3,10-10-11 14:14:18
1709.6,1695.4,10-10-11 14:16:21
1710.5,1695.4,10-10-11 14:19:25
1710.9,1696.0,10-10-11 14:22:28
1710.5,1695.5,10-10-11 14:26:34
1710.6,1695.6,10-10-11 14:29:38
1708.2,1694.0,10-10-11 14:31:40
1707.1,1693.0,10-10-11 14:35:48
1707.3,1692.6,10-10-11 14:38:54
1706.4,1691.1,10-10-11 14:44:02
1706.8,1691.5,10-10-11 14:48:07
1707.0,1692.4,10-10-11 14:51:11
1706.6,1692.0,10-10-11 14:55:16
1706.4,1691.6,10-10-11 14:58:21
1706.8,1692.2,10-10-11 15:00:24
1707.4,1692.5,10-10-11 15:03:27
1707.2,1692.9,10-10-11 15:07:32
1707.5,1692.1,10-10-11 15:10:36
1706.7,1692.1,10-10-11 15:13:40
1706.2,1691.5,10-10-11 15:16:44
1706.5,1692.0,10-10-11 15:19:48
1706.0,1691.6,10-10-11 15:22:52
1706.2,1691.9,10-10-11 15:25:55
1705.2,1690.8,10-10-11 15:28:59
1705.5,1691.1,10-10-11 15:32:06
1705.5,1690.6,10-10-11 15:35:10
1704.1,1689.8,10-10-11 15:38:14
1703.1,1688.5,10-10-11 15:41:20
1701.8,1687.0,10-10-11 15:44:23
1702.4,1688.2,10-10-11 15:47:27
1702.5,1687.4,10-10-11 15:50:31
1702.6,1688.2,10-10-11 15:53:35
1703.8,1689.3,10-10-11 15:56:39
1703.4,1689.2,10-10-11 15:59:43
1704.5,1689.6,10-10-11 16:02:47
1707.0,1692.3,10-10-11 16:05:50
1706.5,1692.3,10-10-11 16:08:54
1709.2,1694.8,10-10-11 16:11:58
1709.2,1694.5,10-10-11 16:15:02
1705.9,1691.7,10-10-11 16:18:05
1706.5,1692.3,10-10-11 16:22:11
1708.8,1694.4,10-10-11 16:24:14
1705.9,1691.3,10-10-11 16:27:17
1704.7,1690.4,10-10-11 16:30:21
1707.3,1693.0,10-10-11 16:33:25
1706.8,1692.5,10-10-11 16:37:30
1704.4,1689.6,10-10-11 16:40:34
1703.6,1689.5,10-10-11 16:43:38
1703.4,1689.2,10-10-11 16:45:41
1703.5,1688.9,10-10-11 16:49:46
1702.7,1687.7,10-10-11 16:52:49
1729.2,1659.0,10-10-11 20:24:33
1729.1,1658.2,10-10-11 20:32:43
1728.3,1658.1,10-10-11 20:35:47
1727.2,1657.7,10-10-11 20:38:51
1727.0,1657.5,10-10-11 20:41:54
1730.0,1658.9,10-10-11 20:44:59
1725.6,1656.6,10-10-11 20:48:02
1728.9,1658.3,10-10-11 20:51:06
1728.6,1658.4,10-10-11 20:54:10
1728.8,1657.9,10-10-11 20:57:13
1728.4,1658.7,10-10-11 21:00:18
1727.0,1657.6,10-10-11 21:03:22
1727.9,1659.0,10-10-11 21:06:26
1732.1,1657.1,10-10-11 21:09:30
1732.7,1659.7,10-10-11 21:12:34
1732.7,1656.9,10-10-11 21:15:38
1732.3,1658.7,10-10-11 21:18:42
1733.3,1657.3,10-10-11 21:21:46
1730.5,1656.2,10-10-11 21:24:50
1731.1,1655.6,10-10-11 21:27:54
1729.2,1654.4,10-10-11 21:30:59
1729.3,1658.0,10-10-11 21:34:02
1729.7,1657.7,10-10-11 21:37:06
1733.6,1659.3,10-10-11 21:40:11
1733.0,1658.5,10-10-11 21:43:15
1729.0,1659.2,10-10-11 21:46:18
1730.3,1659.0,10-10-11 21:49:22
1730.9,1659.3,10-10-11 21:52:27
1734.4,1659.4,10-10-11 21:55:31
1735.0,1661.3,10-10-11 21:58:35
1731.1,1660.5,10-10-11 22:01:39
1731.0,1660.5,10-10-11 22:04:43
1731.9,1661.3,10-10-11 22:07:52
1730.3,1659.9,10-10-11 22:10:58
1730.4,1659.9,10-10-11 22:14:02
1729.9,1659.8,10-10-11 22:17:06
1729.8,1659.3,10-10-11 22:20:10
1731.6,1661.8,10-10-11 22:23:15
1730.7,1660.1,10-10-11 22:29:22
1731.4,1660.8,10-10-11 22:32:26
1731.2,1660.6,10-10-11 22:35:30
1730.6,1660.4,10-10-11 22:38:34
1731.3,1660.8,10-10-11 22:41:39
1731.0,1660.8,10-10-11 22:44:42
1731.4,1660.9,10-10-11 22:48:47
1731.8,1661.2,10-10-11 22:50:50
1731.4,1660.9,10-10-11 22:53:54
1731.1,1660.8,10-10-11 22:56:58
1731.4,1661.1,10-10-11 23:01:03
1730.5,1661.3,10-10-11 23:03:08
1730.6,1660.2,10-10-11 23:06:12
1730.6,1660.0,10-10-11 23:10:18
1730.5,1660.5,10-10-11 23:13:21
1731.6,1661.0,10-10-11 23:16:25
1731.0,1661.1,10-10-11 23:18:28
1731.5,1661.0,10-10-11 23:22:33
1731.4,1661.2,10-10-11 23:25:38
1732.2,1661.6,10-10-11 23:28:41
1732.4,1662.5,10-10-11 23:30:44
1732.5,1662.2,10-10-11 23:34:52
1732.6,1662.5,10-10-11 23:37:57
1733.7,1662.6,10-10-11 23:41:03
1732.7,1662.7,10-10-11 23:44:08
1733.8,1663.8,10-10-11 23:47:12
1734.2,1663.5,10-10-11 23:50:16
1733.9,1664.4,10-10-11 23:52:18
1735.1,1665.2,10-10-11 23:56:24
1735.1,1666.0,10-11-11 00:02:34
1733.6,1664.4,10-11-11 00:05:38
1734.1,1663.5,10-11-11 00:08:43
1733.4,1663.0,10-11-11 00:11:47
1733.6,1663.1,10-11-11 00:14:50
1734.0,1663.7,10-11-11 00:17:55
1734.5,1664.5,10-11-11 00:20:59
1733.1,1664.1,10-11-11 00:24:03
1733.2,1663.8,10-11-11 00:27:06
1733.5,1663.2,10-11-11 00:30:10
1733.9,1663.4,10-11-11 00:33:14
1733.6,1663.1,10-11-11 00:36:18
1734.0,1663.7,10-11-11 00:39:22
1733.8,1664.4,10-11-11 00:42:26
1733.4,1663.1,10-11-11 00:45:29
1733.7,1663.5,10-11-11 00:48:33
1734.0,1663.6,10-11-11 00:51:37
1738.2,1664.3,10-11-11 00:54:42
1734.7,1664.5,10-11-11 00:57:46
1735.4,1665.2,10-11-11 01:00:51
1735.2,1664.4,10-11-11 01:03:55
1734.6,1663.4,10-11-11 01:06:59
1734.0,1663.3,10-11-11 01:10:03
1734.2,1663.4,10-11-11 01:13:06
1734.2,1663.5,10-11-11 01:16:10
1738.7,1663.5,10-11-11 01:49:53
1734.7,1663.9,10-11-11 02:02:09
1744.1,1668.9,10-11-11 02:06:14
1742.8,1670.2,10-11-11 02:09:18
1742.4,1671.1,10-11-11 02:11:21
1741.6,1669.4,10-11-11 02:18:30
1741.0,1668.7,10-11-11 02:21:34
1744.0,1668.6,10-11-11 02:24:38
1738.2,1668.7,10-11-11 02:26:40
1740.4,1668.3,10-11-11 02:30:45
1740.5,1668.8,10-11-11 02:33:49
1740.7,1669.2,10-11-11 02:36:53
1740.9,1669.2,10-11-11 02:39:57
1739.7,1667.5,10-11-11 02:43:01
1739.9,1667.3,10-11-11 02:46:05
1739.9,1667.5,10-11-11 02:49:09
1739.7,1667.2,10-11-11 02:52:13
1739.6,1667.3,10-11-11 02:55:17
1739.5,1667.5,10-11-11 02:58:20
1739.0,1667.1,10-11-11 03:01:24
1739.9,1667.3,10-11-11 03:04:28
1739.8,1667.5,10-11-11 03:10:36
1739.1,1667.1,10-11-11 03:13:39
1741.1,1666.1,10-11-11 03:16:43
1738.1,1666.0,10-11-11 03:19:47
1737.9,1666.0,10-11-11 03:22:52
1736.8,1664.8,10-11-11 03:25:56
1738.0,1666.1,10-11-11 03:29:00
1738.5,1666.4,10-11-11 03:32:03
1737.7,1666.2,10-11-11 03:35:08
1737.2,1662.6,10-11-11 03:38:12
1737.0,1665.2,10-11-11 03:41:15
1736.0,1666.3,10-11-11 03:44:19
1735.3,1663.8,10-11-11 03:47:23
1735.1,1663.0,10-11-11 03:50:26
1735.5,1663.1,10-11-11 03:53:30
1734.3,1662.8,10-11-11 03:56:34
1734.7,1662.6,10-11-11 03:59:38
1733.6,1661.9,10-11-11 04:02:41
1732.8,1659.4,10-11-11 04:05:45
1732.7,1658.9,10-11-11 04:08:49
1733.1,1661.1,10-11-11 04:11:52
1731.9,1660.2,10-11-11 04:14:56
1732.4,1661.6,10-11-11 04:18:00
1732.7,1662.2,10-11-11 04:21:04
1732.7,1662.6,10-11-11 04:25:09
1734.1,1659.0,10-11-11 04:27:12
1733.2,1658.7,10-11-11 04:30:16
1732.7,1657.9,10-11-11 04:33:19
1732.6,1657.8,10-11-11 04:37:24
1732.2,1657.5,10-11-11 04:39:27
1731.6,1657.0,10-11-11 04:42:31
1731.5,1657.2,10-11-11 04:46:37
1733.3,1658.8,10-11-11 04:49:40
1732.4,1658.8,10-11-11 04:52:44
1732.4,1658.6,10-11-11 04:54:47
1734.4,1661.6,10-11-11 04:58:52
1734.5,1660.7,10-11-11 05:01:55
1734.7,1661.2,10-11-11 05:04:59
1734.0,1661.4,10-11-11 05:07:01
1734.2,1661.4,10-11-11 05:11:06
1733.9,1661.2,10-11-11 05:14:10
1733.4,1660.6,10-11-11 05:17:14
1733.8,1661.1,10-11-11 05:20:18
1733.9,1661.1,10-11-11 05:23:21
1734.1,1661.3,10-11-11 05:26:25
1734.0,1661.2,10-11-11 05:29:29
1734.9,1662.1,10-11-11 05:32:33
1737.4,1661.6,10-11-11 05:35:37
1738.4,1663.3,10-11-11 05:38:41
1738.8,1664.1,10-11-11 05:41:44
1739.2,1664.3,10-11-11 05:44:48
1738.8,1662.7,10-11-11 05:47:52
1738.6,1662.5,10-11-11 05:50:56
1738.9,1663.0,10-11-11 05:54:00
1739.9,1664.2,10-11-11 05:57:04
1740.5,1664.2,10-11-11 06:00:07
1741.7,1665.2,10-11-11 06:03:11
1740.9,1664.5,10-11-11 06:06:15
1738.8,1665.9,10-11-11 06:09:19
1740.2,1667.2,10-11-11 06:12:23
1739.2,1666.3,10-11-11 06:15:27
1740.3,1666.8,10-11-11 06:18:31
1740.4,1666.7,10-11-11 06:21:35
1741.4,1666.5,10-11-11 06:24:38
1740.5,1666.1,10-11-11 06:27:42
1742.0,1665.7,10-11-11 06:30:46
1742.0,1666.2,10-11-11 06:33:49
1739.6,1666.7,10-11-11 06:36:53
1739.4,1666.4,10-11-11 06:39:57
1738.8,1666.6,10-11-11 06:43:01
1738.2,1665.4,10-11-11 06:47:06
1741.6,1669.2,10-11-11 06:50:10
1737.6,1664.7,10-11-11 06:52:12
1738.2,1664.2,10-11-11 06:55:16
1738.8,1665.2,10-11-11 06:59:21
1740.0,1665.9,10-11-11 07:02:24
1737.5,1664.8,10-11-11 07:04:28
1737.9,1665.0,10-11-11 07:07:32
1738.0,1665.2,10-11-11 07:11:37
1737.7,1665.2,10-11-11 07:14:41
1739.5,1669.9,10-11-11 07:17:45
1738.8,1664.2,10-11-11 07:20:49
1739.3,1664.4,10-11-11 07:23:53
1741.2,1664.7,10-11-11 07:26:57
1740.9,1664.6,10-11-11 07:30:01
1742.1,1665.7,10-11-11 07:33:05
1742.8,1666.3,10-11-11 07:36:09
1738.8,1666.5,10-11-11 07:39:12
1741.5,1669.5,10-11-11 07:42:16
1742.5,1670.1,10-11-11 07:45:20
1742.8,1670.2,10-11-11 07:48:24
1742.0,1666.0,10-11-11 07:51:27
1741.0,1665.6,10-11-11 07:54:31
1741.0,1665.2,10-11-11 07:57:35
1740.5,1664.9,10-11-11 09:03:55
1737.4,1664.5,10-11-11 09:19:14
1738.2,1665.2,10-11-11 09:22:18
1737.0,1664.7,10-11-11 09:25:22
1737.0,1664.7,10-11-11 09:30:41
1711.9,1691.5,10-11-11 09:32:44
1713.1,1695.5,10-11-11 09:35:48
1712.7,1693.2,10-11-11 09:38:51
1711.6,1692.3,10-11-11 09:41:55
1713.8,1691.8,10-11-11 09:44:59
1714.2,1692.1,10-11-11 09:48:03
1713.2,1692.6,10-11-11 09:51:06
1709.9,1693.6,10-11-11 09:54:11
1713.3,1694.2,10-11-11 09:57:14
1709.6,1692.3,10-11-11 10:00:18
1713.7,1694.5,10-11-11 10:03:22
1713.8,1698.2,10-11-11 10:06:27
1708.2,1693.2,10-11-11 10:09:30
1705.7,1690.6,10-11-11 10:13:36
1699.4,1684.0,10-11-11 10:16:39
1700.1,1685.2,10-11-11 10:20:44
1700.7,1685.6,10-11-11 10:22:47
1701.0,1686.1,10-11-11 10:26:52
1699.7,1685.3,10-11-11 10:30:57
1698.5,1684.1,10-11-11 10:35:02
1698.0,1682.9,10-11-11 10:38:05
1698.0,1683.1,10-11-11 10:41:09
1698.0,1682.9,10-11-11 10:44:13
1698.8,1683.5,10-11-11 10:47:17
1698.8,1683.9,10-11-11 10:51:22
1700.8,1686.0,10-11-11 10:53:25
1701.5,1686.8,10-11-11 10:56:28
1702.0,1687.3,10-11-11 10:59:32
1700.0,1685.2,10-11-11 11:03:37
1700.4,1685.6,10-11-11 11:06:41
1699.7,1685.4,10-11-11 11:09:45
1699.8,1684.9,10-11-11 11:12:49
1699.0,1684.4,10-11-11 11:15:53
1702.3,1688.2,10-11-11 11:19:58
1701.4,1687.0,10-11-11 11:22:00
1700.5,1686.3,10-11-11 11:25:04
1700.6,1686.0,10-11-11 11:28:08
1698.9,1684.5,10-11-11 11:32:13
1698.7,1684.3,10-11-11 11:35:18
1698.3,1683.5,10-11-11 11:37:20
1699.1,1684.0,10-11-11 11:40:24
1699.4,1684.5,10-11-11 11:44:29
1699.6,1684.9,10-11-11 11:48:34
1700.1,1684.9,10-11-11 11:51:38
1699.0,1684.3,10-11-11 11:54:42
1700.4,1685.6,10-11-11 11:57:46
1700.8,1686.2,10-11-11 12:00:51
1727.9,1659.1,10-11-11 12:20:16
1724.8,1655.6,10-11-11 12:23:20
1723.2,1654.3,10-11-11 12:26:25
1722.0,1653.4,10-11-11 12:29:28
1694.0,1679.0,10-11-11 12:32:32
1693.6,1678.9,10-11-11 12:35:36
1695.5,1680.5,10-11-11 12:38:40
1688.2,1673.8,10-11-11 12:41:44
1690.5,1675.5,10-11-11 12:44:48
1690.8,1675.4,10-11-11 12:47:51
1692.9,1677.6,10-11-11 12:50:55
1693.3,1678.3,10-11-11 12:53:59
1693.1,1679.0,10-11-11 12:57:03
1691.7,1677.7,10-11-11 13:00:06
1692.8,1677.8,10-11-11 13:04:12
1693.3,1678.5,10-11-11 13:07:15
1694.9,1679.8,10-11-11 13:10:19
1694.9,1679.6,10-11-11 13:14:24
1695.6,1680.3,10-11-11 13:18:28
1693.2,1678.4,10-11-11 13:20:31
1695.2,1680.9,10-11-11 13:23:35
1693.6,1679.4,10-11-11 13:26:38
1694.7,1679.5,10-11-11 13:30:43
1694.4,1679.4,10-11-11 13:33:47
1694.6,1680.5,10-11-11 13:35:50
1695.3,1680.9,10-11-11 13:38:54
1696.8,1682.1,10-11-11 13:42:59
1696.8,1681.7,10-11-11 13:46:03
1694.9,1680.0,10-11-11 13:49:07
1695.2,1680.3,10-11-11 13:52:10
1696.1,1681.0,10-11-11 13:54:13
1697.1,1682.0,10-11-11 13:58:18
1697.0,1682.3,10-11-11 14:01:22
1696.1,1680.8,10-11-11 14:04:26
1695.3,1680.0,10-11-11 14:07:29
1694.1,1678.9,10-11-11 14:10:33
1693.7,1678.3,10-11-11 14:13:37
1693.8,1679.5,10-11-11 14:16:41
1695.6,1680.6,10-11-11 14:19:45
1695.2,1680.8,10-11-11 14:22:48
1722.2,1653.8,10-11-11 14:28:56
1723.3,1654.1,10-11-11 14:32:00
1722.4,1653.3,10-11-11 14:35:04
1724.3,1655.1,10-11-11 14:38:07
1697.0,1681.8,10-11-11 14:41:11
1698.4,1682.9,10-11-11 14:44:15
1698.2,1682.8,10-11-11 14:47:19
1697.2,1681.8,10-11-11 14:50:23
1696.2,1680.8,10-11-11 14:53:26
1696.0,1680.9,10-11-11 14:56:30
1695.6,1680.3,10-11-11 14:59:34
1695.4,1680.1,10-11-11 15:02:38
1694.7,1679.6,10-11-11 15:05:42
1719.8,1651.1,10-11-11 15:13:52
1723.0,1654.1,10-11-11 15:15:54
1722.6,1653.5,10-11-11 15:20:00
1695.1,1680.0,10-11-11 15:23:04
1694.2,1679.9,10-11-11 15:29:12
1694.5,1679.2,10-11-11 15:32:15
1694.8,1679.4,10-11-11 15:35:19
1692.4,1677.5,10-11-11 15:40:25
1720.9,1651.8,10-11-11 15:43:29
1693.8,1679.1,10-11-11 15:46:32
1694.0,1679.0,10-11-11 15:49:36
1691.8,1677.7,10-11-11 15:52:40
1694.3,1679.4,10-11-11 15:55:44
1693.5,1678.2,10-11-11 15:58:48
1693.6,1678.4,10-11-11 16:04:55
1695.2,1680.0,10-11-11 16:07:59
1694.7,1679.3,10-11-11 16:14:06
1693.8,1678.5,10-11-11 16:17:10
1693.4,1678.1,10-11-11 16:20:14
1692.4,1677.3,10-11-11 16:23:21
1691.1,1676.2,10-11-11 16:29:29
1692.2,1677.9,10-11-11 16:32:33
1690.2,1675.5,10-11-11 16:39:42
1691.3,1676.3,10-11-11 16:42:46
1692.9,1678.5,10-11-11 16:44:48
1694.7,1679.6,10-11-11 16:47:53
1696.3,1680.8,10-11-11 16:51:58
1723.3,1653.8,10-11-11 16:58:06
1695.1,1681.1,10-11-11 17:01:10
1697.0,1682.2,10-11-11 17:04:13
1695.6,1680.7,10-11-11 17:07:17
1699.0,1684.7,10-11-11 17:10:21
1700.4,1685.6,10-11-11 17:14:27
1702.3,1688.0,10-11-11 17:17:31
1701.4,1686.3,10-11-11 17:23:39
1701.2,1685.9,10-11-11 17:26:43
1700.3,1685.6,10-11-11 17:29:47
1700.4,1686.1,10-11-11 17:33:52
1700.9,1686.1,10-11-11 17:38:59
1704.1,1689.6,10-11-11 17:43:04
1700.9,1685.5,10-11-11 17:50:12
1699.6,1684.6,10-11-11 17:53:16
1729.0,1659.5,10-11-11 17:59:24
1729.4,1660.6,10-11-11 18:02:28
1727.0,1658.4,10-11-11 18:05:31
1726.7,1658.1,10-11-11 18:08:35
1728.4,1658.8,10-11-11 18:14:43
1729.0,1659.2,10-11-11 18:17:47
1732.6,1663.0,10-11-11 18:20:51
1731.1,1661.4,10-11-11 18:28:00
1730.9,1661.2,10-11-11 18:30:02
1729.7,1660.1,10-11-11 18:33:06
1729.2,1659.7,10-11-11 18:37:11
1727.8,1658.2,10-11-11 18:42:17
1729.0,1659.6,10-11-11 18:49:26
1727.3,1658.0,10-11-11 18:52:30
1726.7,1657.2,10-11-11 18:55:34
1726.1,1656.6,10-11-11 18:58:38
1724.1,1654.4,10-11-11 19:04:46
1723.9,1655.1,10-11-11 19:07:50
1724.7,1654.7,10-11-11 19:10:54
1723.7,1653.9,10-11-11 19:17:01
1722.7,1653.1,10-11-11 19:20:05
1722.0,1652.8,10-11-11 19:26:14
1721.9,1652.2,10-11-11 19:29:17
1720.7,1652.1,10-11-11 19:32:21
1724.3,1654.8,10-11-11 19:35:25
1722.2,1652.5,10-11-11 19:41:34
1722.2,1653.4,10-11-11 19:44:38
1724.1,1654.8,10-11-11 19:50:45
1724.1,1654.2,10-11-11 19:53:49
1723.9,1654.4,10-11-11 19:59:56
1722.9,1653.8,10-11-11 20:03:00
1721.4,1652.2,10-11-11 20:09:08
1720.8,1651.5,10-11-11 20:12:12
1720.9,1651.9,10-11-11 20:16:16
1721.9,1651.9,10-11-11 20:21:30
1720.9,1652.1,10-11-11 20:24:33
1720.2,1651.4,10-11-11 20:27:37
1721.0,1651.0,10-11-11 20:33:45
1720.1,1650.9,10-11-11 20:37:50
1719.7,1650.7,10-11-11 20:40:54
1718.6,1649.2,10-11-11 20:46:01
1719.0,1647.7,10-11-11 20:50:06
1718.4,1648.0,10-11-11 20:55:13
1716.6,1647.3,10-11-11 20:59:18
1720.1,1649.5,10-11-11 21:05:25
1720.7,1650.0,10-11-11 21:11:33
1720.9,1651.3,10-11-11 21:14:37
1721.7,1651.9,10-11-11 21:17:41
1722.3,1651.1,10-11-11 21:20:45
1719.6,1649.1,10-11-11 21:26:53
1717.5,1647.0,10-11-11 21:33:00
1717.8,1646.5,10-11-11 21:36:04
1718.2,1648.0,10-11-11 21:39:08
1720.1,1647.7,10-11-11 21:45:16
1719.3,1647.6,10-11-11 21:48:20
1717.2,1647.2,10-11-11 21:54:27
1715.8,1646.5,10-11-11 21:57:31
1718.7,1646.0,10-11-11 22:03:39
1720.5,1647.1,10-11-11 22:06:43
1718.3,1648.4,10-11-11 22:12:51
1718.1,1648.7,10-11-11 22:15:56
1722.1,1649.0,10-11-11 22:22:03
1717.9,1647.3,10-11-11 22:25:07
1717.4,1647.1,10-11-11 22:28:11
1717.1,1646.1,10-11-11 22:34:22
1715.9,1645.8,10-11-11 22:40:34
1719.4,1646.5,10-11-11 22:43:37
1720.0,1648.6,10-11-11 22:47:43
1719.1,1648.8,10-11-11 22:49:45
1718.8,1649.0,10-11-11 22:55:53
1719.9,1649.1,10-11-11 23:02:01
1722.1,1649.5,10-11-11 23:09:11
1725.5,1652.0,10-11-11 23:12:15
1724.2,1652.8,10-11-11 23:17:21
1725.3,1652.0,10-11-11 23:24:31
1726.1,1652.6,10-11-11 23:27:36
1725.5,1653.1,10-11-11 23:30:41
1725.5,1651.6,10-11-11 23:36:48
1726.6,1653.6,10-11-11 23:39:52
1726.9,1653.1,10-11-11 23:42:56
1725.2,1653.6,10-11-11 23:45:59
1726.4,1654.7,10-11-11 23:52:06
1724.7,1652.2,10-11-11 23:55:10
1727.9,1654.8,10-11-11 23:58:14
1727.7,1654.2,10-12-11 00:04:21
1726.3,1652.5,10-12-11 00:07:25
1726.1,1652.3,10-12-11 00:10:28
1726.1,1652.5,10-12-11 00:13:32
1726.4,1652.9,10-12-11 00:16:36
1726.4,1653.3,10-12-11 00:19:39
1723.3,1653.6,10-12-11 00:22:43
1724.9,1653.9,10-12-11 00:25:47
1726.3,1654.5,10-12-11 00:28:50
1725.6,1654.6,10-12-11 00:31:54
1725.9,1655.3,10-12-11 00:34:58
1724.1,1653.8,10-12-11 00:38:01
1724.1,1653.5,10-12-11 00:41:05
1725.3,1654.2,10-12-11 00:44:09
1724.4,1653.1,10-12-11 00:47:12
1724.0,1652.1,10-12-11 00:50:16
1721.5,1651.2,10-12-11 00:53:20
1722.0,1651.4,10-12-11 00:56:23
1722.6,1651.4,10-12-11 00:59:27
1720.0,1650.3,10-12-11 01:02:31
1721.1,1650.4,10-12-11 01:06:36
1722.4,1651.3,10-12-11 01:11:43
1722.9,1651.0,10-12-11 01:15:48
1724.4,1651.7,10-12-11 01:18:51
1720.0,1648.6,10-12-11 01:49:29
1730.5,1644.7,10-12-11 01:58:43
1722.3,1650.8,10-12-11 02:01:48
1724.7,1651.8,10-12-11 02:04:51
1724.3,1651.5,10-12-11 02:07:55
1724.0,1651.5,10-12-11 02:10:59
1724.9,1651.8,10-12-11 02:14:02
1724.9,1652.2,10-12-11 02:17:06
1725.5,1652.8,10-12-11 02:20:09
1725.2,1652.4,10-12-11 02:23:13
1725.0,1652.3,10-12-11 02:26:17
1724.0,1651.4,10-12-11 02:32:24
1723.4,1650.7,10-12-11 02:35:28
1723.8,1650.9,10-12-11 02:38:32
1723.3,1650.8,10-12-11 02:41:36
1720.9,1650.1,10-12-11 02:44:39
1720.6,1649.8,10-12-11 02:47:43
1723.0,1650.3,10-12-11 02:50:47
1723.1,1650.5,10-12-11 02:53:50
1723.8,1651.1,10-12-11 02:56:54
1722.3,1651.1,10-12-11 02:59:58
1722.6,1651.2,10-12-11 03:03:01
1723.9,1653.2,10-12-11 03:06:05
1722.1,1653.0,10-12-11 03:09:09
1725.6,1652.1,10-12-11 03:12:13
1724.7,1653.6,10-12-11 03:16:18
1724.1,1651.4,10-12-11 03:18:21
1723.2,1650.2,10-12-11 03:21:25
1723.8,1650.8,10-12-11 03:24:28
1732.0,1659.0,10-12-11 07:39:10
1731.1,1658.1,10-12-11 07:41:12
1731.0,1658.0,10-12-11 07:44:16
1728.9,1657.3,10-12-11 07:47:20
1730.3,1657.4,10-12-11 07:50:23
1730.3,1657.6,10-12-11 07:53:27
1730.3,1657.5,10-12-11 07:56:32
1730.4,1657.5,10-12-11 07:59:35
1729.8,1657.0,10-12-11 08:05:44
1729.9,1657.1,10-12-11 08:10:23
1730.4,1657.2,10-12-11 08:12:25
1730.6,1657.7,10-12-11 08:15:29
1728.6,1657.0,10-12-11 08:18:32
1725.7,1656.4,10-12-11 08:21:36
1730.0,1657.0,10-12-11 08:24:40
1729.6,1657.1,10-12-11 08:27:43
1729.2,1656.8,10-12-11 08:30:47
1727.6,1656.5,10-12-11 08:33:50
1727.6,1656.5,10-12-11 08:40:31
1728.4,1655.9,10-12-11 09:05:00
1728.8,1656.2,10-12-11 09:08:03
1728.2,1655.3,10-12-11 09:11:06
1727.6,1655.8,10-12-11 09:14:10
1726.6,1655.3,10-12-11 09:17:14
1725.9,1656.2,10-12-11 09:20:18
1726.4,1656.0,10-12-11 09:23:22
1725.9,1655.6,10-12-11 09:26:25
1728.5,1656.2,10-12-11 09:29:29
1700.3,1682.9,10-12-11 09:32:33
1699.2,1683.4,10-12-11 09:35:36
1699.0,1681.8,10-12-11 09:38:40
1697.4,1680.5,10-12-11 09:41:44
1697.1,1679.8,10-12-11 09:44:47
1696.0,1680.0,10-12-11 09:47:51
1696.5,1680.5,10-12-11 09:50:55
1696.7,1679.9,10-12-11 09:53:59
1697.7,1680.8,10-12-11 09:58:04
1697.1,1680.3,10-12-11 10:01:08
1697.4,1679.9,10-12-11 10:03:10
1697.0,1680.1,10-12-11 10:06:14
1693.4,1678.2,10-12-11 10:10:19
1692.6,1677.8,10-12-11 10:13:23
1692.6,1677.4,10-12-11 10:16:27
1692.1,1677.5,10-12-11 10:18:30
1693.3,1678.4,10-12-11 10:22:35
1691.7,1676.7,10-12-11 10:24:38
1692.1,1677.3,10-12-11 10:28:43
1691.8,1677.5,10-12-11 10:31:47
1693.4,1678.2,10-12-11 10:36:54
1696.1,1681.0,10-12-11 10:39:57
1695.6,1680.4,10-12-11 10:43:02
1695.8,1680.7,10-12-11 10:46:08
1695.0,1680.5,10-12-11 10:49:13
1696.0,1680.9,10-12-11 10:52:20
1696.9,1681.7,10-12-11 10:55:23
1697.1,1682.3,10-12-11 10:58:27
1696.5,1682.1,10-12-11 11:06:39
1697.2,1682.6,10-12-11 11:07:40
1697.4,1682.5,10-12-11 11:10:44
1697.6,1682.8,10-12-11 11:13:48
1697.5,1683.2,10-12-11 11:16:51
1696.8,1682.3,10-12-11 11:19:55
1697.0,1682.8,10-12-11 11:22:59
1697.9,1683.5,10-12-11 11:26:03
1697.5,1683.1,10-12-11 11:29:07
1697.8,1682.9,10-12-11 11:33:12
1697.5,1683.2,10-12-11 11:36:15
1698.0,1683.5,10-12-11 11:38:18
1698.0,1683.7,10-12-11 11:41:22
1697.6,1683.3,10-12-11 11:45:27
1698.2,1683.5,10-12-11 11:48:31
1697.9,1683.1,10-12-11 11:50:34
1698.5,1684.1,10-12-11 11:53:37
1698.5,1684.3,10-12-11 11:57:42
1702.6,1687.5,10-12-11 12:00:46
1701.0,1686.7,10-12-11 12:03:50
1701.8,1687.2,10-12-11 12:06:53
1700.1,1685.4,10-12-11 12:09:57
1698.6,1684.3,10-12-11 12:13:01
1698.5,1684.1,10-12-11 12:16:05
1698.6,1684.0,10-12-11 12:19:09
1695.7,1681.2,10-12-11 12:22:13
1694.7,1680.0,10-12-11 12:25:17
1694.4,1680.1,10-12-11 12:28:21
1693.6,1679.3,10-12-11 12:31:24
1695.5,1680.7,10-12-11 12:34:28
1693.0,1678.7,10-12-11 12:37:32
1692.7,1678.4,10-12-11 12:40:36
1696.2,1681.9,10-12-11 12:43:40
1697.0,1682.6,10-12-11 12:47:45
1696.1,1681.8,10-12-11 12:49:47
1695.6,1680.8,10-12-11 12:52:51
1694.9,1680.1,10-12-11 12:56:56
1697.7,1683.1,10-12-11 13:00:00
1695.8,1681.5,10-12-11 13:02:02
1692.9,1678.0,10-12-11 13:06:08
1693.7,1679.3,10-12-11 13:09:12
1691.2,1676.8,10-12-11 13:12:15
1691.8,1677.6,10-12-11 13:15:19
1692.4,1677.5,10-12-11 13:18:23
1690.2,1675.6,10-12-11 13:21:27
1691.0,1676.6,10-12-11 13:24:31
1692.0,1677.3,10-12-11 13:27:34
1691.8,1677.4,10-12-11 13:30:38
1691.2,1676.4,10-12-11 13:33:42
1693.8,1678.7,10-12-11 13:36:46
1694.9,1680.2,10-12-11 13:39:50
1696.4,1681.6,10-12-11 13:42:53
1695.6,1681.0,10-12-11 13:45:57
1695.8,1681.6,10-12-11 13:49:01
1697.0,1682.4,10-12-11 13:52:05
1695.5,1681.1,10-12-11 13:58:13
1694.6,1679.8,10-12-11 14:01:17
1694.5,1679.6,10-12-11 14:04:20
1694.1,1679.8,10-12-11 14:07:24
1693.3,1678.9,10-12-11 14:10:28
1694.0,1679.5,10-12-11 14:13:32
1693.4,1679.0,10-12-11 14:16:36
1692.2,1678.1,10-12-11 14:19:39
1692.3,1677.8,10-12-11 14:22:44
1693.0,1678.6,10-12-11 14:25:48
1692.4,1677.7,10-12-11 14:28:51
1692.4,1677.9,10-12-11 14:31:55
1692.9,1678.3,10-12-11 14:38:03
1693.3,1678.9,10-12-11 14:41:07
1692.7,1678.1,10-12-11 14:44:11
1690.8,1676.1,10-12-11 14:48:16
1690.5,1676.3,10-12-11 14:51:20
1691.4,1677.1,10-12-11 14:53:22
1692.6,1677.8,10-12-11 14:57:27
1692.9,1678.0,10-12-11 15:00:31
1693.3,1678.5,10-12-11 15:03:35
1693.0,1678.7,10-12-11 15:09:43
1692.9,1678.2,10-12-11 15:12:49
1691.4,1677.0,10-12-11 15:15:54
1689.9,1675.7,10-12-11 15:18:59
1691.4,1676.9,10-12-11 15:27:11
1718.3,1650.0,10-12-11 15:35:21
1720.6,1652.5,10-12-11 15:38:25
1721.3,1652.7,10-12-11 15:41:29
1721.8,1653.4,10-12-11 15:44:33
1695.3,1680.6,10-12-11 15:47:37
1692.2,1678.1,10-12-11 15:53:44
1693.8,1679.3,10-12-11 15:56:48
1693.2,1679.0,10-12-11 15:59:52
1692.4,1678.1,10-12-11 16:02:56
1693.3,1679.2,10-12-11 16:05:59
1693.3,1678.7,10-12-11 16:09:03
1691.5,1677.2,10-12-11 16:12:07
1693.1,1678.2,10-12-11 16:18:14
1695.2,1680.5,10-12-11 16:21:18
1695.0,1680.3,10-12-11 16:24:22
1693.9,1679.2,10-12-11 16:27:26
1698.1,1683.6,10-12-11 16:33:34
1695.8,1681.4,10-12-11 16:36:40
1695.9,1681.5,10-12-11 16:39:45
1696.4,1681.7,10-12-11 16:42:50
1695.0,1680.3,10-12-11 16:45:54
1694.7,1679.8,10-12-11 16:52:01
1693.9,1679.5,10-12-11 16:55:05
1694.9,1680.3,10-12-11 16:58:09
1692.8,1678.2,10-12-11 17:04:18
1689.3,1674.5,10-12-11 17:07:22
1688.7,1674.0,10-12-11 17:13:30
1689.2,1674.6,10-12-11 17:16:34
1687.7,1673.6,10-12-11 17:19:38
1686.7,1672.2,10-12-11 17:22:41
1685.3,1670.8,10-12-11 17:25:45
1686.4,1672.2,10-12-11 17:31:53
1713.3,1645.4,10-12-11 17:39:02
1715.4,1647.3,10-12-11 18:00:29
1715.8,1646.6,10-12-11 18:03:33
1715.5,1646.8,10-12-11 18:06:37
1716.2,1647.7,10-12-11 18:09:40
1716.0,1647.1,10-12-11 18:15:48
1716.5,1647.7,10-12-11 18:18:52
1718.1,1649.5,10-12-11 18:21:56
1716.9,1648.6,10-12-11 18:28:04
1714.2,1645.4,10-12-11 18:31:07
1714.2,1645.6,10-12-11 18:34:11
1713.9,1645.7,10-12-11 18:40:18
1715.2,1647.0,10-12-11 18:43:22
1714.4,1646.2,10-12-11 18:46:26
1712.9,1644.7,10-12-11 18:52:34
1712.5,1643.9,10-12-11 18:56:39
1712.0,1643.2,10-12-11 18:59:43
1713.5,1645.1,10-12-11 19:05:51
1712.8,1643.8,10-12-11 19:08:55
1711.9,1642.8,10-12-11 19:10:58
1711.4,1642.3,10-12-11 19:21:14
1713.0,1645.1,10-12-11 19:23:16
1713.1,1644.8,10-12-11 19:30:25
1712.7,1643.4,10-12-11 19:33:28
1711.8,1642.8,10-12-11 19:39:35
1711.3,1642.5,10-12-11 19:42:39
1711.1,1642.5,10-12-11 19:45:43
1713.1,1644.7,10-12-11 19:51:50
1714.4,1644.7,10-12-11 19:54:54
1713.8,1645.1,10-12-11 19:57:58
1711.9,1643.2,10-12-11 20:04:06
1711.6,1643.3,10-12-11 20:07:27
1711.0,1638.6,10-12-11 20:10:30
1709.3,1640.3,10-12-11 20:19:41
1709.0,1640.0,10-12-11 20:25:48
1709.3,1639.0,10-12-11 20:28:52
1709.8,1640.5,10-12-11 20:34:59
1708.1,1639.4,10-12-11 20:38:03
1709.0,1639.5,10-12-11 20:41:07
1711.4,1640.0,10-12-11 20:47:15
1713.0,1644.0,10-12-11 20:50:18
1715.2,1645.6,10-12-11 20:59:30
1715.2,1645.3,10-12-11 21:02:34
1713.0,1644.4,10-12-11 21:09:43
1716.8,1644.4,10-12-11 21:11:45
1714.8,1645.2,10-12-11 21:17:53
1716.2,1645.0,10-12-11 21:21:58
1715.3,1645.1,10-12-11 21:28:05
1715.1,1644.8,10-12-11 21:34:14
1714.2,1643.6,10-12-11 21:37:19
1715.0,1644.7,10-12-11 21:43:28
1715.7,1644.1,10-12-11 21:46:32
1715.1,1644.9,10-12-11 21:52:40
1715.9,1644.3,10-12-11 21:55:43
1715.4,1643.9,10-12-11 22:01:50
1713.3,1643.3,10-12-11 22:04:54
1713.0,1643.3,10-12-11 22:11:01
1715.2,1643.9,10-12-11 22:14:04
1717.6,1644.2,10-12-11 22:20:17
1716.3,1644.7,10-12-11 22:23:22
1714.0,1643.2,10-12-11 22:26:27
1712.1,1641.8,10-13-11 07:08:30
1718.1,1646.3,10-13-11 08:03:56
1717.7,1645.8,10-13-11 08:07:00
1717.5,1645.5,10-13-11 08:10:03
1717.8,1646.2,10-13-11 08:13:11
1717.0,1645.1,10-13-11 08:16:17
1716.3,1644.3,10-13-11 08:19:20
1716.3,1644.6,10-13-11 08:22:25
1713.4,1643.4,10-13-11 08:25:30
1714.7,1643.0,10-13-11 08:28:36
1716.6,1644.7,10-13-11 08:31:40
1714.8,1643.4,10-13-11 08:34:44
1714.6,1643.1,10-13-11 08:37:48
1715.5,1644.1,10-13-11 08:40:52
1713.4,1642.5,10-13-11 08:43:56
1712.5,1642.0,10-13-11 08:47:01
1713.3,1641.7,10-13-11 08:50:06
1714.6,1642.9,10-13-11 08:53:10
1714.5,1643.2,10-13-11 08:56:14
1713.7,1642.5,10-13-11 08:59:17
1713.0,1641.3,10-13-11 09:02:20
1712.0,1641.3,10-13-11 09:05:24
1711.4,1641.0,10-13-11 09:08:28
1712.2,1640.5,10-13-11 09:11:32
1710.2,1638.9,10-13-11 09:14:36
1709.9,1639.6,10-13-11 09:17:40
1712.4,1640.8,10-13-11 09:20:44
1712.1,1641.6,10-13-11 09:23:48
1711.6,1640.6,10-13-11 09:26:52
1712.2,1642.2,10-13-11 09:29:56
1685.5,1668.4,10-13-11 09:33:00
1685.4,1667.8,10-13-11 09:37:05
1685.2,1665.8,10-13-11 09:40:09
1681.6,1663.6,10-13-11 09:43:15
1680.5,1663.6,10-13-11 09:45:22
1681.6,1665.1,10-13-11 09:49:33
1678.4,1663.4,10-13-11 09:52:37
1678.7,1662.4,10-13-11 09:55:41
1679.1,1665.0,10-13-11 09:58:44
1679.9,1664.4,10-13-11 10:01:49
1681.6,1667.3,10-13-11 10:04:53
1683.0,1668.4,10-13-11 10:07:57
1683.4,1668.7,10-13-11 10:11:01
1685.5,1670.8,10-13-11 10:14:05
1687.3,1672.8,10-13-11 10:17:08
1687.6,1673.2,10-13-11 10:20:13
1686.4,1671.7,10-13-11 10:23:17
1685.3,1670.6,10-13-11 10:26:21
1685.9,1671.5,10-13-11 10:29:25
1686.4,1672.2,10-13-11 10:32:28
1686.4,1671.3,10-13-11 10:35:32
1686.5,1672.3,10-13-11 10:38:36
1687.5,1673.1,10-13-11 10:41:41
1686.4,1672.1,10-13-11 10:44:44
1686.5,1671.8,10-13-11 10:47:48
1685.9,1671.4,10-13-11 10:50:52
1686.5,1672.1,10-13-11 10:54:57
1686.7,1672.3,10-13-11 10:56:59
1687.9,1673.4,10-13-11 11:00:04
1688.6,1674.2,10-13-11 11:04:09
1688.1,1673.6,10-13-11 11:07:13
1688.6,1674.1,10-13-11 11:10:17
1690.1,1675.3,10-13-11 11:12:20
1685.7,1670.8,10-13-11 11:16:25
1684.0,1669.2,10-13-11 11:19:29
1684.7,1670.0,10-13-11 11:22:33
1684.4,1669.9,10-13-11 11:25:37
1685.9,1671.6,10-13-11 11:28:42
1684.9,1670.2,10-13-11 11:32:48
1684.7,1670.0,10-13-11 11:36:53
1684.2,1669.8,10-13-11 11:39:57
1686.7,1671.7,10-13-11 11:43:00
1686.9,1672.4,10-13-11 11:47:05
1687.0,1672.7,10-13-11 11:49:08
1687.0,1672.5,10-13-11 11:53:14
1685.6,1671.1,10-13-11 11:56:18
1685.1,1670.9,10-13-11 11:59:22
1685.3,1671.0,10-13-11 12:02:26
1684.5,1670.0,10-13-11 12:05:30
1684.6,1670.2,10-13-11 12:08:34
1684.3,1669.9,10-13-11 12:11:38
1685.4,1670.4,10-13-11 12:14:42
1686.4,1671.8,10-13-11 12:17:46
1686.8,1672.6,10-13-11 12:20:49
1687.1,1673.0,10-13-11 12:23:53
1686.6,1672.5,10-13-11 12:26:58
1686.3,1671.6,10-13-11 12:30:01
1687.3,1672.7,10-13-11 12:33:05
1687.0,1672.9,10-13-11 12:36:09
1686.6,1671.9,10-13-11 12:39:13
1687.3,1672.6,10-13-11 12:42:16
1688.3,1673.5,10-13-11 12:45:20
1688.3,1673.9,10-13-11 12:48:24
1689.0,1674.5,10-13-11 12:51:28
1688.3,1673.8,10-13-11 12:54:32
1688.0,1673.5,10-13-11 12:57:35
1689.7,1674.7,10-13-11 13:00:39
1688.4,1674.2,10-13-11 13:03:43
1689.6,1675.2,10-13-11 13:06:47
1689.5,1674.9,10-13-11 13:10:52
1690.0,1675.6,10-13-11 13:13:55
1688.7,1674.1,10-13-11 13:16:59
1688.2,1673.8,10-13-11 13:20:03
1688.4,1674.1,10-13-11 13:23:07
1689.2,1674.8,10-13-11 13:27:12
1688.7,1674.4,10-13-11 13:29:15
1688.2,1674.0,10-13-11 13:32:19
1689.7,1674.9,10-13-11 13:35:22
1690.0,1675.3,10-13-11 13:39:28
1690.4,1675.5,10-13-11 13:42:31
1691.0,1676.5,10-13-11 13:44:34
1690.5,1676.0,10-13-11 13:48:39
1690.5,1676.2,10-13-11 13:50:41
1690.3,1675.4,10-13-11 13:54:46
1688.7,1674.6,10-13-11 13:57:50
1686.4,1672.3,10-13-11 14:00:53
1687.1,1672.9,10-13-11 14:03:56
1689.0,1674.3,10-13-11 14:07:00
1688.9,1674.1,10-13-11 14:10:04
1687.8,1673.2,10-13-11 14:13:07
1688.3,1673.7,10-13-11 14:16:11
1687.2,1672.7,10-13-11 14:19:15
1689.9,1675.0,10-13-11 14:22:19
1689.5,1675.2,10-13-11 14:25:22
1689.3,1675.2,10-13-11 14:28:27
1690.6,1676.3,10-13-11 14:31:31
1689.1,1674.9,10-13-11 14:34:35
1689.3,1674.8,10-13-11 14:37:40
1688.7,1674.4,10-13-11 14:40:44
1689.5,1675.2,10-13-11 14:43:48
1688.5,1674.1,10-13-11 14:46:52
1687.6,1673.4,10-13-11 14:49:56
1685.2,1670.6,10-13-11 14:53:00
1686.1,1671.5,10-13-11 14:56:04
1684.7,1670.1,10-13-11 14:59:08
1684.8,1670.8,10-13-11 15:03:13
1684.0,1669.4,10-13-11 15:05:15
1684.6,1669.9,10-13-11 15:08:19
1685.7,1671.5,10-13-11 15:11:23
1683.8,1669.4,10-13-11 15:15:28
1684.4,1669.6,10-13-11 15:17:30
1684.4,1669.9,10-13-11 15:20:34
1683.2,1668.7,10-13-11 15:24:39
1685.5,1671.1,10-13-11 15:27:43
1683.6,1669.1,10-13-11 15:30:47
1684.6,1670.1,10-13-11 15:33:50
1703.6,1636.1,10-13-11 20:21:02
1700.6,1631.0,10-13-11 20:24:06
1707.1,1635.5,10-13-11 20:28:11
1703.9,1635.3,10-13-11 20:31:15
1701.7,1633.0,10-13-11 20:37:23
1701.5,1632.8,10-13-11 20:40:27
1703.1,1632.2,10-13-11 20:43:32
1703.8,1632.6,10-13-11 20:45:34
1703.3,1632.7,10-13-11 20:49:39
1703.6,1632.9,10-13-11 20:52:43
1703.7,1633.9,10-13-11 20:55:47
1702.8,1632.3,10-13-11 21:01:55
1705.9,1635.1,10-13-11 21:04:59
1705.8,1634.7,10-13-11 21:08:03
1705.0,1634.8,10-13-11 21:11:07
1706.0,1634.8,10-13-11 21:14:12
1706.3,1635.1,10-13-11 21:17:15
1705.5,1635.1,10-13-11 21:23:26
1706.2,1634.3,10-13-11 21:26:30
1705.1,1634.6,10-13-11 21:29:34
1706.0,1634.9,10-13-11 21:35:42
1708.2,1636.6,10-13-11 21:38:45
1707.2,1635.3,10-13-11 21:47:58
1708.1,1635.9,10-13-11 21:51:02
1707.5,1635.4,10-13-11 21:54:06
1706.8,1635.3,10-13-11 21:57:10
1706.8,1634.9,10-13-11 22:03:19
1707.1,1635.3,10-13-11 22:06:23
1706.4,1635.2,10-13-11 22:10:06
1705.8,1633.6,10-13-11 22:13:11
1706.4,1634.8,10-13-11 22:16:18
1707.7,1636.0,10-13-11 22:19:24
1707.4,1635.7,10-13-11 22:25:33
1707.3,1635.5,10-13-11 22:28:36
1708.1,1636.2,10-13-11 22:31:40
1709.3,1637.6,10-13-11 22:37:48
1708.9,1637.5,10-13-11 22:40:52
1708.8,1636.8,10-13-11 22:46:59
1711.5,1639.5,10-13-11 22:50:03
1709.6,1638.0,10-13-11 22:53:07
1710.1,1637.5,10-13-11 22:56:11
1710.9,1638.6,10-13-11 22:59:15
1710.6,1638.3,10-13-11 23:02:20
1710.1,1638.1,10-13-11 23:08:28
1710.1,1638.2,10-13-11 23:11:32
1709.7,1637.2,10-13-11 23:14:36
1708.8,1635.7,10-13-11 23:17:39
1709.1,1636.7,10-13-11 23:23:47
1708.9,1636.4,10-13-11 23:29:55
1708.5,1635.8,10-13-11 23:32:59
1708.2,1635.9,10-13-11 23:39:08
1708.4,1636.3,10-14-11 07:57:05
1704.2,1635.0,10-14-11 09:48:28
1697.3,1629.0,10-14-11 10:26:16
1696.2,1628.8,10-14-11 10:29:20
1696.4,1629.1,10-14-11 10:32:24
1696.6,1629.3,10-14-11 10:35:28
1671.7,1657.1,10-14-11 10:38:31
1671.6,1657.6,10-14-11 10:41:35
1673.0,1658.4,10-14-11 10:45:40
1672.1,1657.8,10-14-11 10:48:44
1671.8,1657.8,10-14-11 10:51:49
1674.0,1659.5,10-14-11 10:54:53
1673.6,1659.2,10-14-11 10:57:56
1674.6,1659.6,10-14-11 11:02:03
1676.7,1661.7,10-14-11 11:04:05
1675.9,1661.3,10-14-11 11:07:09
1676.8,1662.6,10-14-11 11:11:14
1678.5,1664.1,10-14-11 11:14:18
1677.0,1662.7,10-14-11 11:17:22
1677.5,1663.4,10-14-11 11:20:26
1676.9,1662.7,10-14-11 11:23:30
1677.0,1662.6,10-14-11 11:26:34
1676.3,1661.6,10-14-11 11:29:38
1675.7,1661.5,10-14-11 11:32:43
1678.0,1663.7,10-14-11 11:35:49
1676.6,1662.1,10-14-11 11:38:54
1677.2,1662.8,10-14-11 11:41:59
1675.9,1661.7,10-14-11 11:45:03
1676.4,1662.3,10-14-11 11:48:07
1675.8,1661.6,10-14-11 11:51:11
1676.7,1661.8,10-14-11 11:54:15
1676.1,1661.5,10-14-11 11:57:18
1679.5,1665.3,10-14-11 12:00:22
1680.1,1665.7,10-14-11 12:04:27
1678.6,1664.5,10-14-11 12:07:31
1677.9,1663.7,10-14-11 12:10:35
1677.1,1662.7,10-14-11 12:13:39
1676.0,1661.9,10-14-11 12:16:43
1676.5,1662.2,10-14-11 12:19:47
1676.4,1662.4,10-14-11 12:22:51
1676.3,1661.6,10-14-11 12:25:54
1676.0,1661.4,10-14-11 12:28:58
1676.9,1662.7,10-14-11 12:32:02
1678.5,1664.2,10-14-11 12:35:06
1677.3,1663.0,10-14-11 12:38:13
1676.6,1662.1,10-14-11 12:41:19
1675.5,1661.2,10-14-11 12:44:23
1675.7,1661.6,10-14-11 12:47:27
1675.2,1661.0,10-14-11 12:50:31
1676.9,1662.2,10-14-11 12:53:35
1676.1,1661.5,10-14-11 12:56:39
1677.0,1662.4,10-14-11 12:59:42
1677.0,1662.9,10-14-11 13:02:46
1676.0,1661.8,10-14-11 13:05:50
1675.9,1661.6,10-14-11 13:08:53
1676.2,1661.7,10-14-11 13:11:57
1675.1,1660.8,10-14-11 13:15:01
1675.0,1660.6,10-14-11 13:18:05
1674.9,1660.5,10-14-11 13:22:10
1674.6,1660.1,10-14-11 13:25:15
1675.5,1661.0,10-14-11 13:27:18
1675.6,1661.4,10-14-11 13:34:27
1677.2,1662.5,10-14-11 13:37:31
1675.4,1661.1,10-14-11 13:40:34
1674.7,1660.4,10-14-11 13:42:38
1674.5,1660.5,10-14-11 13:46:42
1674.5,1660.0,10-14-11 13:49:46
1675.1,1660.6,10-14-11 13:52:50
1675.8,1661.3,10-14-11 13:55:54
1676.4,1661.9,10-14-11 13:58:58
1676.5,1662.3,10-14-11 14:05:06
1676.3,1662.0,10-14-11 14:08:11
1676.0,1661.3,10-14-11 14:11:16
1675.5,1661.4,10-14-11 14:14:19
1676.3,1661.7,10-14-11 14:17:23
1676.2,1661.7,10-14-11 14:20:27
1676.3,1662.3,10-14-11 14:23:30
1677.0,1662.2,10-14-11 14:26:34
1676.6,1662.5,10-14-11 14:29:41
1677.1,1662.5,10-14-11 14:32:46
1675.9,1662.0,10-14-11 14:35:51
1675.2,1660.8,10-14-11 14:38:56
1674.9,1660.4,10-14-11 14:42:01
1674.6,1660.2,10-14-11 14:45:05
1674.9,1660.4,10-14-11 14:48:08
1674.4,1660.5,10-14-11 14:51:12
1674.9,1660.8,10-14-11 14:54:16
1674.8,1660.8,10-14-11 14:57:20
1675.3,1660.7,10-14-11 15:00:24
1675.1,1660.7,10-14-11 15:03:27
1675.2,1660.9,10-14-11 15:06:32
1675.5,1660.9,10-14-11 15:10:37
1678.1,1663.6,10-14-11 15:13:41
1677.4,1662.7,10-14-11 15:16:45
1677.0,1662.4,10-14-11 15:19:48
1675.8,1661.5,10-14-11 15:22:55
1675.7,1661.1,10-14-11 15:26:00
1675.4,1660.9,10-14-11 15:29:06
1675.9,1661.3,10-14-11 15:32:15
1675.2,1661.1,10-14-11 15:36:20
1675.4,1661.4,10-14-11 15:38:23
1674.5,1660.0,10-14-11 15:42:28
1674.2,1659.8,10-14-11 15:45:31
1674.7,1660.4,10-14-11 15:48:35
1675.2,1660.4,10-14-11 15:51:39
1675.6,1661.1,10-14-11 15:54:43
1676.4,1662.1,10-14-11 15:57:47
1676.4,1662.2,10-14-11 16:00:51
1677.3,1662.7,10-14-11 16:03:59
1678.2,1664.0,10-14-11 16:07:02
1677.4,1663.1,10-14-11 16:10:06
1677.0,1662.3,10-14-11 16:13:10
1678.1,1663.7,10-14-11 16:16:14
1677.4,1663.3,10-14-11 16:19:17
1679.7,1665.5,10-14-11 16:22:21
1682.5,1667.1,10-14-11 16:25:25
1681.9,1667.5,10-14-11 16:28:29
1681.6,1667.4,10-14-11 16:31:33
1682.4,1667.5,10-14-11 16:34:37
1680.2,1665.4,10-14-11 16:37:43
1680.2,1665.8,10-14-11 16:40:48
1681.4,1666.8,10-14-11 16:43:52
1680.7,1666.1,10-14-11 16:46:56
1680.6,1666.0,10-14-11 16:50:00
1680.6,1666.2,10-14-11 16:53:03
1678.9,1664.6,10-14-11 16:56:07
1678.3,1663.6,10-14-11 17:00:12
1704.6,1637.2,10-14-11 17:03:16
1704.3,1636.4,10-14-11 17:06:19
1705.4,1637.3,10-14-11 17:09:24
1705.8,1638.0,10-14-11 17:12:29
1705.1,1637.1,10-14-11 17:15:33
1706.9,1638.6,10-14-11 17:18:36
1707.6,1639.5,10-14-11 17:21:40
1706.3,1637.9,10-14-11 17:24:44
1704.2,1636.4,10-14-11 17:27:48
1703.8,1635.7,10-14-11 17:30:52
1701.7,1633.6,10-14-11 17:33:55
1698.9,1631.1,10-14-11 17:36:59
1699.1,1630.6,10-14-11 17:40:03
1697.2,1629.1,10-14-11 17:46:10
1696.8,1629.3,10-14-11 17:49:14
1698.0,1630.0,10-14-11 17:52:19
1697.1,1629.5,10-14-11 17:55:23
1696.3,1628.3,10-14-11 17:58:28
1697.0,1629.2,10-14-11 18:01:33
1699.9,1632.3,10-14-11 18:04:37
1700.8,1633.0,10-14-11 18:07:40
1701.2,1633.6,10-14-11 18:11:45
1702.2,1634.7,10-14-11 18:13:48
1701.5,1633.5,10-14-11 18:16:52
1700.8,1633.0,10-14-11 18:24:00
1701.1,1633.3,10-14-11 18:26:03
1700.8,1633.1,10-14-11 18:30:08
1699.3,1632.1,10-14-11 18:33:12
1695.1,1627.8,10-14-11 18:36:16
1696.6,1628.8,10-14-11 18:39:20
1694.6,1626.9,10-14-11 18:42:24
1694.6,1627.0,10-14-11 18:48:32
1690.5,1623.2,10-14-11 18:51:35
1692.5,1625.2,10-14-11 18:54:39
1691.8,1624.7,10-14-11 18:57:43
1693.1,1625.9,10-14-11 19:03:51
1693.7,1626.2,10-14-11 19:06:54
1694.5,1626.0,10-14-11 19:09:58
1694.1,1625.8,10-14-11 19:13:02
1694.0,1625.6,10-14-11 19:16:06
1694.2,1626.1,10-14-11 19:22:13
1694.8,1626.6,10-14-11 19:25:17
1694.9,1626.7,10-14-11 19:28:21
1693.9,1625.5,10-14-11 19:31:25
1695.6,1627.0,10-14-11 19:34:29
1695.5,1626.8,10-14-11 19:40:36
1694.9,1626.5,10-14-11 19:43:40
1693.4,1625.0,10-14-11 19:46:44
1693.8,1625.4,10-14-11 19:52:51
1694.7,1625.6,10-14-11 19:56:56
1693.7,1625.9,10-14-11 20:02:02
1695.2,1626.1,10-14-11 20:06:08
1693.4,1625.3,10-14-11 20:09:12
1695.0,1626.6,10-14-11 20:12:16
1699.4,1628.2,10-14-11 20:15:19
1699.1,1627.3,10-14-11 20:18:24
1695.7,1627.4,10-14-11 20:21:27
1693.2,1625.5,10-14-11 20:24:31
1696.2,1626.1,10-14-11 20:27:35
1696.5,1626.4,10-14-11 20:30:39
1696.0,1625.7,10-14-11 20:33:43
1696.7,1626.3,10-14-11 20:36:47
1696.6,1626.8,10-14-11 20:42:55
1700.0,1629.9,10-14-11 20:45:59
1699.5,1629.6,10-14-11 20:49:03
1701.2,1630.4,10-14-11 20:55:12
1702.1,1631.9,10-14-11 21:01:23
1702.8,1632.3,10-14-11 21:04:27
1701.0,1631.6,10-14-11 21:07:31
1701.7,1631.7,10-14-11 21:10:35
1701.4,1631.3,10-14-11 21:13:39
1703.7,1633.3,10-14-11 21:16:42
1705.6,1633.1,10-14-11 21:19:46
1705.9,1633.3,10-14-11 21:25:54
1705.0,1633.5,10-14-11 21:28:58
1706.4,1634.6,10-14-11 21:32:02
1705.9,1634.2,10-14-11 21:36:07
1706.3,1634.3,10-14-11 21:39:10
1706.3,1634.9,10-14-11 21:41:13
1706.4,1634.9,10-14-11 21:48:22
1704.9,1633.4,10-14-11 21:50:25
1704.7,1634.1,10-14-11 21:57:33
1705.5,1634.6,10-14-11 22:00:37
1705.7,1634.5,10-14-11 22:06:45
1707.1,1636.0,10-14-11 22:09:48
1707.0,1635.9,10-14-11 22:12:52
1706.9,1636.0,10-14-11 22:15:56
1706.6,1635.1,10-14-11 22:22:04
1705.5,1634.2,10-14-11 22:31:15
1705.3,1634.1,10-14-11 22:34:19
1704.9,1634.0,10-14-11 22:37:23
1704.7,1633.6,10-14-11 22:40:27
1703.8,1633.0,10-14-11 22:46:35
1704.1,1633.0,10-14-11 22:49:38
1700.4,1632.8,10-14-11 22:52:42
1700.6,1633.1,10-14-11 22:55:45
1700.5,1632.6,10-14-11 22:58:49
1702.2,1632.5,10-14-11 23:04:56
1703.2,1633.7,10-14-11 23:14:14
1701.5,1632.2,10-14-11 23:20:22
1701.8,1632.2,10-14-11 23:26:30
1703.1,1633.1,10-14-11 23:30:35
1702.8,1633.0,10-15-11 09:20:26
1702.8,1633.0,10-15-11 19:09:27
